fen,result
"rnbqkbnr/pppppppp/8/8/8/8/PPPPPPPP/RNBQKBNR w KQkq - 0 1",0
"rnbqkbnr/pppppppp/8/8/8/6P1/PPPPPP1P/RNBQKBNR b KQkq - 0 1",0
"rnbqkbnr/pppppp1p/6p1/8/8/6P1/PPPPPP1P/RNBQKBNR w KQkq - 0 2",0
"rnbqkbnr/pppppp1p/6p1/8/8/2N3P1/PPPPPP1P/R1BQKBNR b KQkq - 1 2",0
"rnbqkbnr/ppppp2p/6p1/5p2/8/2N3P1/PPPPPP1P/R1BQKBNR w KQkq f6 0 3",0
"rnbqkbnr/ppppp2p/6p1/5p2/8/2N2NP1/PPPPPP1P/R1BQKB1R b KQkq - 1 3",0
"rnbqkbnr/pp1pp2p/6p1/2p2p2/8/2N2NP1/PPPPPP1P/R1BQKB1R w KQkq c6 0 4",0
"rnbqkbnr/pp1pp2p/6p1/2p2p2/8/P1N2NP1/1PPPPP1P/R1BQKB1R b KQkq - 0 4",0
"r1bqkbnr/pp1pp2p/2n3p1/2p2p2/8/P1N2NP1/1PPPPP1P/R1BQKB1R w KQkq - 1 5",0
"r1bqkbnr/pp1pp2p/2n3p1/2p2p2/3P4/P1N2NP1/1PP1PP1P/R1BQKB1R b KQkq d3 0 5",0
"r1bqkbnr/pp1pp2p/2n3p1/5p2/3p4/P1N2NP1/1PP1PP1P/R1BQKB1R w KQkq - 0 6",0
"r1bqkbnr/pp1pp2p/2n3p1/5p2/3Q4/P1N2NP1/1PP1PP1P/R1B1KB1R b KQkq - 0 6",0
"r1bqkbnr/pp1pp2p/6p1/5p2/3n4/P1N2NP1/1PP1PP1P/R1B1KB1R w KQkq - 0 7",0
"r1bqkbnr/pp1pp2p/6p1/5p2/3N4/P1N3P1/1PP1PP1P/R1B1KB1R b KQkq - 0 7",0
"r1bqkb1r/pp1pp2p/5np1/5p2/3N4/P1N3P1/1PP1PP1P/R1B1KB1R w KQkq - 1 8",0
"r1bqkb1r/pp1pp2p/5np1/5N2/8/P1N3P1/1PP1PP1P/R1B1KB1R b KQkq - 0 8",0
"r1bqkb1r/pp1pp3/5np1/5N1p/8/P1N3P1/1PP1PP1P/R1B1KB1R w KQkq h6 0 9",0
"r1bqkb1r/pp1pN3/5np1/7p/8/P1N3P1/1PP1PP1P/R1B1KB1R b KQkq - 0 9",0
"r1bq1b1r/pp1pk3/5np1/7p/8/P1N3P1/1PP1PP1P/R1B1KB1R w KQ - 0 10",0
"r1bq1b1r/pp1pk3/5np1/7p/1P6/P1N3P1/2P1PP1P/R1B1KB1R b KQ b3 0 10",0
"r1bq1b1r/p2pk3/1p3np1/7p/1P6/P1N3P1/2P1PP1P/R1B1KB1R w KQ - 0 11",0
"r1bq1b1r/p2pk3/1p3np1/7p/PP6/2N3P1/2P1PP1P/R1B1KB1R b KQ - 0 11",0
"r1bq1b1r/p3k3/1p3np1/3p3p/PP6/2N3P1/2P1PP1P/R1B1KB1R w KQ d6 0 12",0
"r1bq1b1r/p3k3/1p3np1/3N3p/PP6/6P1/2P1PP1P/R1B1KB1R b KQ - 0 12",0
"r1b2b1r/p3k3/1p3np1/3q3p/PP6/6P1/2P1PP1P/R1B1KB1R w KQ - 0 13",0
"r1b2b1r/p3k3/1p3np1/3q3p/PP2P3/6P1/2P2P1P/R1B1KB1R b KQ e3 0 13",0
"r1b2b1r/p3k3/5np1/1p1q3p/PP2P3/6P1/2P2P1P/R1B1KB1R w KQ - 0 14",0
"r1b2b1r/p3k3/5np1/1p1P3p/PP6/6P1/2P2P1P/R1B1KB1R b KQ - 0 14",0
"r1b2b1r/p3k3/6p1/1p1n3p/PP6/6P1/2P2P1P/R1B1KB1R w KQ - 0 15",0
"r1b2b1r/p3k3/6p1/1p1n3p/PP3P2/6P1/2P4P/R1B1KB1R b KQ f3 0 15",0
"r1b2b1r/p7/3k2p1/1p1n3p/PP3P2/6P1/2P4P/R1B1KB1R w KQ - 1 16",0
"r1b2b1r/p7/3k2p1/1B1n3p/PP3P2/6P1/2P4P/R1B1K2R b KQ - 0 16",0
"r1b2b1r/p7/3k2p1/1B5p/Pn3P2/6P1/2P4P/R1B1K2R w KQ - 0 17",0
"r1b1Bb1r/p7/3k2p1/7p/Pn3P2/6P1/2P4P/R1B1K2R b KQ - 1 17",0
"r1b1Bb1r/p7/3k2p1/7p/P4P2/6P1/2n4P/R1B1K2R w KQ - 0 18",0
"r1b1Bb1r/p7/3k2p1/7p/P4P2/6P1/2n4P/R1B2K1R b - - 1 18",0
"r1b1Bb1r/p7/3k2p1/7p/P4P2/4n1P1/7P/R1B2K1R w - - 2 19",0
"r1b1Bb1r/p7/3k2p1/7p/P4P2/4n1P1/5K1P/R1B4R b - - 3 19",0
"r3Bb1r/p7/3k2p1/5b1p/P4P2/4n1P1/5K1P/R1B4R w - - 4 20",0
"r3Bb1r/p7/3k2p1/5b1p/P4P2/4K1P1/7P/R1B4R b - - 0 20",0
"r3Bb1r/8/3k2p1/p4b1p/P4P2/4K1P1/7P/R1B4R w - a6 0 21",0
"r4b1r/8/3k2B1/p4b1p/P4P2/4K1P1/7P/R1B4R b - - 0 21",0
"r4b1r/8/3k2b1/p6p/P4P2/4K1P1/7P/R1B4R w - - 0 22",0
"r4b1r/8/3k2b1/p4P1p/P7/4K1P1/7P/R1B4R b - - 0 22",0
"4rb1r/8/3k2b1/p4P1p/P7/4K1P1/7P/R1B4R w - - 1 23",0
"4rb1r/8/3k2b1/p4P1p/P7/3K2P1/7P/R1B4R b - - 2 23",0
"4rb1r/8/3k4/p4b1p/P7/3K2P1/7P/R1B4R w - - 0 24",0
"4rb1r/8/3k4/p4b1p/P7/2K3P1/7P/R1B4R b - - 1 24",0
"4r2r/6b1/3k4/p4b1p/P7/2K3P1/7P/R1B4R w - - 2 25",0
"4r2r/6b1/3k4/p4b1p/P7/6P1/3K3P/R1B4R b - - 3 25",0
"r6r/6b1/3k4/p4b1p/P7/6P1/3K3P/R1B4R w - - 4 26",0
"r6r/6b1/3k4/p4b1p/P7/6PP/3K4/R1B4R b - - 0 26",0
"r6r/6b1/8/p2k1b1p/P7/6PP/3K4/R1B4R w - - 1 27",0
"r6r/6b1/8/p2k1b1p/P5P1/7P/3K4/R1B4R b - - 0 27",0
"r6r/8/8/p2k1b1p/P5P1/7P/3K4/b1B4R w - - 0 28",0
"r6r/8/8/p2k1P1p/P7/7P/3K4/b1B4R b - - 0 28",0
"r6r/8/8/p2k1P1p/P2b4/7P/3K4/2B4R w - - 1 29",0
"r6r/8/5P2/p2k3p/P2b4/7P/3K4/2B4R b - - 0 29",0
"r6r/8/5b2/p2k3p/P7/7P/3K4/2B4R w - - 0 30",0
"r6r/8/5b2/p2k3p/P7/4K2P/8/2B4R b - - 1 30",0
"r6r/8/5b2/p2k4/P6p/4K2P/8/2B4R w - - 0 31",0
"r6r/8/5b2/p2k4/P6p/4K2P/8/2BR4 b - - 1 31",0
"r6r/8/5b2/p3k3/P6p/4K2P/8/2BR4 w - - 2 32",0
"r6r/8/5b2/p3k3/P6p/4K2P/1B6/3R4 b - - 3 32",0
"r6r/8/4kb2/p7/P6p/4K2P/1B6/3R4 w - - 4 33",0
"r6r/8/4kb2/p7/P6p/3RK2P/1B6/8 b - - 5 33",0
"r6r/8/4k3/p7/P6p/3RK2P/1b6/8 w - - 0 34",0
"r6r/3R4/4k3/p7/P6p/4K2P/1b6/8 b - - 1 34",0
"r6r/3k4/8/p7/P6p/4K2P/1b6/8 w - - 0 35",0
"r6r/3k4/8/p7/P6p/7P/1b2K3/8 b - - 1 35",0
"r6r/8/4k3/p7/P6p/7P/1b2K3/8 w - - 2 36",0
"r6r/8/4k3/p7/P6p/3K3P/1b6/8 b - - 3 36",0
"r6r/8/8/p2k4/P6p/3K3P/1b6/8 w - - 4 37",0
"r6r/8/8/p2k4/P6p/4K2P/1b6/8 b - - 5 37",0
"r6r/8/8/p2k4/P2b3p/4K2P/8/8 w - - 6 38",0
"r6r/8/8/p2k4/P2b1K1p/7P/8/8 b - - 7 38",0
"r6r/8/2k5/p7/P2b1K1p/7P/8/8 w - - 8 39",0
"r6r/8/2k5/p7/P2bK2p/7P/8/8 b - - 9 39",0
"r6r/8/2k5/p7/P3K2p/7P/1b6/8 w - - 10 40",0
"r6r/8/2k5/p7/P6p/4K2P/1b6/8 b - - 11 40",0
"r6r/8/8/p2k4/P6p/4K2P/1b6/8 w - - 12 41",0
"r6r/8/8/p2k4/P6p/3K3P/1b6/8 b - - 13 41",0
"r6r/8/8/p2k4/P2b3p/3K3P/8/8 w - - 14 42",0
"r6r/8/8/p2k4/P2b3p/7P/2K5/8 b - - 15 42",0
"r6r/8/8/p7/P2bk2p/7P/2K5/8 w - - 16 43",0
"r6r/8/8/p7/P2bk2p/7P/3K4/8 b - - 17 43",0
"3r3r/8/8/p7/P2bk2p/7P/3K4/8 w - - 18 44",0
"3r3r/8/8/p7/P2bk2p/7P/4K3/8 b - - 19 44",0
"3rr3/8/8/p7/P2bk2p/7P/4K3/8 w - - 20 45",0
"3rr3/8/8/p7/P2bk2p/7P/8/4K3 b - - 21 45",0
"3rr3/8/8/p7/P2b3p/4k2P/8/4K3 w - - 22 46",0
"3rr3/8/8/p7/P2b3p/4k2P/8/3K4 b - - 23 46",0
"r3r3/8/8/p7/P2b3p/4k2P/8/3K4 w - - 24 47",0
"r3r3/8/8/p7/P2b3p/4k2P/8/2K5 b - - 25 47",0
"r3r3/8/8/p7/P2bk2p/7P/8/2K5 w - - 26 48",0
"r3r3/8/8/p7/P2bk2p/7P/2K5/8 b - - 27 48",0
"3rr3/8/8/p7/P2bk2p/7P/2K5/8 w - - 28 49",0
"3rr3/8/8/p7/P2bk2p/7P/8/2K5 b - - 29 49",0
"3rr3/8/8/p7/P3k2p/4b2P/8/2K5 w - - 30 50",0
"3rr3/8/8/p7/P3k2p/4b2P/2K5/8 b - - 31 50",0
"3rr3/8/7b/p7/P3k2p/7P/2K5/8 w - - 32 51",0
"3rr3/8/7b/p7/P3k2p/2K4P/8/8 b - - 33 51",0
"3rr3/8/8/p7/P3k2p/2K1b2P/8/8 w - - 34 52",0
"3rr3/8/8/p7/P1K1k2p/4b2P/8/8 b - - 35 52",0
"4r3/8/8/p7/P1K1k2p/4b2P/3r4/8 w - - 36 53",0
"4r3/8/8/p7/P3k2p/2K1b2P/3r4/8 b - - 37 53",0
"4r3/8/8/p7/P3k2p/2K1b2P/1r6/8 w - - 38 54",0
"4r3/8/8/p7/P3k2p/4b2P/1K6/8 b - - 0 54",0
"4r3/8/8/p7/P2k3p/4b2P/1K6/8 w - - 1 55",0
"4r3/8/8/p7/P2k3p/4b2P/2K5/8 b - - 2 55",0
"3r4/8/8/p7/P2k3p/4b2P/2K5/8 w - - 3 56",0
"3r4/8/8/p7/P2k3p/1K2b2P/8/8 b - - 4 56",0
"4r3/8/8/p7/P2k3p/1K2b2P/8/8 w - - 5 57",0
"4r3/8/8/p7/P2k3p/4b2P/2K5/8 b - - 6 57",0
"3r4/8/8/p7/P2k3p/4b2P/2K5/8 w - - 7 58",0
"3r4/8/8/p7/P2k3p/4b2P/8/3K4 b - - 8 58",0
"4r3/8/8/p7/P2k3p/4b2P/8/3K4 w - - 9 59",0
"4r3/8/8/p7/P2k3p/4b2P/4K3/8 b - - 10 59",0
"4r3/8/8/p7/P3k2p/4b2P/4K3/8 w - - 11 60",0
"4r3/8/8/p7/P3k2p/4b2P/8/3K4 b - - 12 60",0
"4r3/8/8/p7/P3k2p/7P/3b4/3K4 w - - 13 61",0
"4r3/8/8/p7/P3k2p/7P/3K4/8 b - - 0 61",0
"4r3/8/8/p7/P2k3p/7P/3K4/8 w - - 1 62",0
"4r3/8/8/p7/P2k3p/7P/2K5/8 b - - 2 62",0
"8/8/8/p7/P2k3p/7P/2K1r3/8 w - - 3 63",0
"8/8/8/p7/P2k3p/7P/4r3/3K4 b - - 4 63",0
"8/8/8/p2k4/P6p/7P/4r3/3K4 w - - 5 64",0
"8/8/8/p2k4/P6p/7P/4K3/8 b - - 0 64",0
"8/8/8/p7/P2k3p/7P/4K3/8 w - - 1 65",0
"8/8/8/p7/P2k3p/7P/5K2/8 b - - 2 65",0
"8/8/8/p7/P3k2p/7P/5K2/8 w - - 3 66",0
"8/8/8/p7/P3k2p/7P/8/4K3 b - - 4 66",0
"8/8/8/p7/P2k3p/7P/8/4K3 w - - 5 67",0
"8/8/8/p7/P2k3p/7P/3K4/8 b - - 6 67",0
"8/8/8/p7/P3k2p/7P/3K4/8 w - - 7 68",0
"8/8/8/p7/P3k2p/2K4P/8/8 b - - 8 68",0
"8/8/8/p2k4/P6p/2K4P/8/8 w - - 9 69",0
"8/8/8/p2k4/P6p/7P/2K5/8 b - - 10 69",0
"8/8/8/p7/P2k3p/7P/2K5/8 w - - 11 70",0
"8/8/8/p7/P2k3p/7P/3K4/8 b - - 12 70",0
"8/8/8/p7/P3k2p/7P/3K4/8 w - - 13 71",0
"8/8/8/p7/P3k2p/2K4P/8/8 b - - 14 71",0
"8/8/8/p2k4/P6p/2K4P/8/8 w - - 15 72",0
"8/8/8/p2k4/P6p/3K3P/8/8 b - - 16 72",0
"8/8/2k5/p7/P6p/3K3P/8/8 w - - 17 73",0
"8/8/2k5/p7/P2K3p/7P/8/8 b - - 18 73",0
"8/1k6/8/p7/P2K3p/7P/8/8 w - - 19 74",0
"8/1k6/8/p2K4/P6p/7P/8/8 b - - 20 74",0
"8/2k5/8/p2K4/P6p/7P/8/8 w - - 21 75",0
"8/2k5/8/p7/P2K3p/7P/8/8 b - - 22 75",0
"8/8/3k4/p7/P2K3p/7P/8/8 w - - 23 76",0
"8/8/3k4/p7/P3K2p/7P/8/8 b - - 24 76",0
"8/4k3/8/p7/P3K2p/7P/8/8 w - - 25 77",0
"8/4k3/8/p2K4/P6p/7P/8/8 b - - 26 77",0
"8/8/5k2/p2K4/P6p/7P/8/8 w - - 27 78",0
"8/8/5k2/p7/P2K3p/7P/8/8 b - - 28 78",0
"8/6k1/8/p7/P2K3p/7P/8/8 w - - 29 79",0
"8/6k1/8/p2K4/P6p/7P/8/8 b - - 30 79",0
"8/8/5k2/p2K4/P6p/7P/8/8 w - - 31 80",0
"8/8/5k2/p7/P2K3p/7P/8/8 b - - 32 80",0
"8/8/6k1/p7/P2K3p/7P/8/8 w - - 33 81",0
"8/8/6k1/p2K4/P6p/7P/8/8 b - - 34 81",0
"8/8/8/p2K1k2/P6p/7P/8/8 w - - 35 82",0
"8/8/8/p4k2/P2K3p/7P/8/8 b - - 36 82",0
"8/8/8/p7/P2K1k1p/7P/8/8 w - - 37 83",0
"8/8/8/p2K4/P4k1p/7P/8/8 b - - 38 83",0
"8/8/8/p2K4/P6p/4k2P/8/8 w - - 39 84",0
"8/8/8/p7/P1K4p/4k2P/8/8 b - - 40 84",0
"8/8/8/p7/P1K1k2p/7P/8/8 w - - 41 85",0
"8/8/8/p1K5/P3k2p/7P/8/8 b - - 42 85",0
"8/8/8/p1K1k3/P6p/7P/8/8 w - - 43 86",0
"8/8/8/p3k3/P1K4p/7P/8/8 b - - 44 86",0
"8/8/8/p7/P1K2k1p/7P/8/8 w - - 45 87",0
"8/8/8/p7/P4k1p/2K4P/8/8 b - - 46 87",0
"8/8/8/p7/P3k2p/2K4P/8/8 w - - 47 88",0
"8/8/8/p7/P1K1k2p/7P/8/8 b - - 48 88",0
"8/8/8/p3k3/P1K4p/7P/8/8 w - - 49 89",0
"8/8/8/p1K1k3/P6p/7P/8/8 b - - 50 89",0
"8/8/8/p1K5/P3k2p/7P/8/8 w - - 51 90",0
"8/8/8/p7/P1K1k2p/7P/8/8 b - - 52 90",0
"8/8/8/p4k2/P1K4p/7P/8/8 w - - 53 91",0
"8/8/8/p2K1k2/P6p/7P/8/8 b - - 54 91",0
"8/8/8/p2K4/P4k1p/7P/8/8 w - - 55 92",0
"8/8/8/p7/P2K1k1p/7P/8/8 b - - 56 92",0
"8/8/8/p4k2/P2K3p/7P/8/8 w - - 57 93",0
"8/8/8/p4k2/P1K4p/7P/8/8 b - - 58 93",0
"8/8/4k3/p7/P1K4p/7P/8/8 w - - 59 94",0
"8/8/4k3/p7/P2K3p/7P/8/8 b - - 60 94",0
"8/8/8/p4k2/P2K3p/7P/8/8 w - - 61 95",0
"8/8/8/p2K1k2/P6p/7P/8/8 b - - 62 95",0
"8/8/8/p2K4/P4k1p/7P/8/8 w - - 63 96",0
"8/8/8/p7/P2K1k1p/7P/8/8 b - - 64 96",0
"rnbqkbnr/pppppppp/8/8/8/8/PPPPPPPP/RNBQKBNR w KQkq - 0 1",0
"rnbqkbnr/pppppppp/8/8/8/2N5/PPPPPPPP/R1BQKBNR b KQkq - 1 1",0
"r1bqkbnr/pppppppp/2n5/8/8/2N5/PPPPPPPP/R1BQKBNR w KQkq - 2 2",0
"r1bqkbnr/pppppppp/2n5/8/8/2N2N2/PPPPPPPP/R1BQKB1R b KQkq - 3 2",0
"r1bqkbnr/pppppppp/8/8/1n6/2N2N2/PPPPPPPP/R1BQKB1R w KQkq - 4 3",0
"r1bqkbnr/pppppppp/8/8/1n1P4/2N2N2/PPP1PPPP/R1BQKB1R b KQkq d3 0 3",0
"r1bqkbnr/pppppppp/8/8/3P4/2N2N2/PPn1PPPP/R1BQKB1R w KQkq - 0 4",0
"r1bqkbnr/pppppppp/8/8/3P4/2N2N2/PPQ1PPPP/R1B1KB1R b KQkq - 0 4",0
"r1bqkb1r/pppppppp/5n2/8/3P4/2N2N2/PPQ1PPPP/R1B1KB1R w KQkq - 1 5",0
"r1bqkb1r/pppppppQ/5n2/8/3P4/2N2N2/PP2PPPP/R1B1KB1R b KQkq - 0 5",0
"r1bqkb2/pppppppr/5n2/8/3P4/2N2N2/PP2PPPP/R1B1KB1R w KQq - 0 6",0
"r1bqkb2/pppppppr/5n2/8/3PP3/2N2N2/PP3PPP/R1B1KB1R b KQq e3 0 6",0
"r1bqkb2/1ppppppr/p4n2/8/3PP3/2N2N2/PP3PPP/R1B1KB1R w KQq - 0 7",0
"r1bqkb2/1ppppppr/B4n2/8/3PP3/2N2N2/PP3PPP/R1B1K2R b KQq - 0 7",0
"2bqkb2/1ppppppr/r4n2/8/3PP3/2N2N2/PP3PPP/R1B1K2R w KQ - 0 8",0
"2bqkb2/1ppppppr/r4n2/8/3PP3/2N1BN2/PP3PPP/R3K2R b KQ - 1 8",0
"2bqkb2/1ppppppr/r7/8/3Pn3/2N1BN2/PP3PPP/R3K2R w KQ - 0 9",0
"2bqkb2/1ppppppr/r7/8/3PN3/4BN2/PP3PPP/R3K2R b KQ - 0 9",0
"2bqkb2/1ppppppr/8/8/3PN3/4BN2/rP3PPP/R3K2R w KQ - 0 10",0
"2bqkb2/1ppppppr/8/8/3PN3/4BN2/RP3PPP/4K2R b K - 0 10",0
"2bqkb2/1pppppp1/8/8/3PN3/4BN2/RP3PPr/4K2R w K - 0 11",0
"2bqkb2/1pppppp1/8/8/3PN3/4BN2/RP3PPR/4K3 b - - 0 11",0
"2bqkb2/1pp1ppp1/8/3p4/3PN3/4BN2/RP3PPR/4K3 w - d6 0 12",0
"2bqkb2/1pp1ppp1/7B/3p4/3PN3/5N2/RP3PPR/4K3 b - - 1 12",0
"2bqkb2/1pp1ppp1/7B/8/3Pp3/5N2/RP3PPR/4K3 w - - 0 13",0
"2bqkb2/1pp1ppB1/8/8/3Pp3/5N2/RP3PPR/4K3 b - - 0 13",0
"2bqk3/1pp1ppb1/8/8/3Pp3/5N2/RP3PPR/4K3 w - - 0 14",0
"2bqk3/1pp1ppb1/8/8/3Pp3/5N2/RP1K1PPR/8 b - - 1 14",0
"2b1k3/1pp1ppb1/8/3q4/3Pp3/5N2/RP1K1PPR/8 w - - 2 15",0
"2b1k3/1pp1ppb1/8/3q4/3Pp3/5N2/RP2KPPR/8 b - - 3 15",0
"2b1k3/1pp1ppb1/8/8/3Pp3/5N2/qP2KPPR/8 w - - 0 16",0
"2b1k3/1pp1ppbR/8/8/3Pp3/5N2/qP2KPP1/8 b - - 1 16",0
"2b1k3/1pp1ppbR/8/8/3P4/5p2/qP2KPP1/8 w - - 0 17",0
"2b1k3/1pp1ppbR/8/8/3P4/5P2/qP2KP2/8 b - - 0 17",0
"2b1k3/1pp1ppbR/8/8/3P4/5P2/1q2KP2/8 w - - 0 18",0
"2b1k3/1pp1ppbR/8/8/3P4/4KP2/1q3P2/8 b - - 1 18",0
"2b1k3/1pp1ppbR/8/8/3q4/4KP2/5P2/8 w - - 0 19",0
"2b1k3/1pp1ppbR/8/8/3q4/5P2/4KP2/8 b - - 1 19",0
"2b1k3/1pp1ppbR/8/8/8/5P2/4Kq2/8 w - - 0 20",0
"2b1k3/1pp1ppbR/8/8/8/5P2/5K2/8 b - - 0 20",0
"2b5/1ppkppbR/8/8/8/5P2/5K2/8 w - - 1 21",0
"2b5/1ppkppR1/8/8/8/5P2/5K2/8 b - - 0 21",0
"2b5/2pkppR1/8/1p6/8/5P2/5K2/8 w - b6 0 22",0
"2b5/2pkpR2/8/1p6/8/5P2/5K2/8 b - - 0 22",0
"2b5/2pkpR2/8/8/1p6/5P2/5K2/8 w - - 0 23",0
"2b5/2pkR3/8/8/1p6/5P2/5K2/8 b - - 0 23",0
"2b5/2p1k3/8/8/1p6/5P2/5K2/8 w - - 0 24",0
"2b5/2p1k3/8/8/1p3P2/8/5K2/8 b - - 0 24",0
"2b5/2p1k3/8/8/5P2/1p6/5K2/8 w - - 0 25",0
"2b5/2p1k3/8/8/5P2/1p2K3/8/8 b - - 1 25",0
"2b5/2p5/5k2/8/5P2/1p2K3/8/8 w - - 2 26",0
"2b5/2p5/5k2/8/5P2/1p6/3K4/8 b - - 3 26",0
"2b5/2p5/5k2/8/5P2/8/1p1K4/8 w - - 0 27",0
"2b5/2p5/5k2/5P2/8/8/1p1K4/8 b - - 0 27",0
"2b5/2p5/5k2/5P2/8/8/3K4/1q6 w - - 0 28",0
"2b5/2p5/5k2/5P2/8/8/4K3/1q6 b - - 1 28",0
"8/2p5/5k2/5b2/8/8/4K3/1q6 w - - 0 29",0
"8/2p5/5k2/5b2/8/8/5K2/1q6 b - - 1 29",0
"8/8/5k2/2p2b2/8/8/5K2/1q6 w - c6 0 30",0
"8/8/5k2/2p2b2/8/6K1/8/1q6 b - - 1 30",0
"8/8/5k2/2p2b2/8/6K1/8/2q5 w - - 2 31",0
"8/8/5k2/2p2b2/8/5K2/8/2q5 b - - 3 31",0
"8/8/5k2/5b2/2p5/5K2/8/2q5 w - - 0 32",0
"8/8/5k2/5b2/2p5/8/6K1/2q5 b - - 1 32",0
"8/8/5k2/5b2/8/2p5/6K1/2q5 w - - 0 33",0
"8/8/5k2/5b2/8/2p2K2/8/2q5 b - - 1 33",0
"8/8/5k2/5b2/8/5K2/2p5/2q5 w - - 0 34",0
"8/8/5k2/5b2/8/6K1/2p5/2q5 b - - 1 34",0
"8/3b4/5k2/8/8/6K1/2p5/2q5 w - - 2 35",0
"8/3b4/5k2/8/8/8/2p2K2/2q5 b - - 3 35",0
"8/3b4/8/4k3/8/8/2p2K2/2q5 w - - 4 36",0
"8/3b4/8/4k3/8/8/2p1K3/2q5 b - - 5 36",0
"8/3b4/8/4k3/8/4q3/2p1K3/8 w - - 6 37",0
"8/3b4/8/4k3/8/4K3/2p5/8 b - - 0 37",0
"8/3b4/8/4k3/8/4K3/8/2q5 w - - 0 38",0
"8/3b4/8/4k3/8/3K4/8/2q5 b - - 1 38",0
"8/3b4/8/4k3/8/2qK4/8/8 w - - 2 39",0
"rnbqkbnr/pppppppp/8/8/8/8/PPPPPPPP/RNBQKBNR w KQkq - 0 1",0
"rnbqkbnr/pppppppp/8/8/8/4P3/PPPP1PPP/RNBQKBNR b KQkq - 0 1",0
"rnbqkb1r/pppppppp/5n2/8/8/4P3/PPPP1PPP/RNBQKBNR w KQkq - 1 2",0
"rnbqkb1r/pppppppp/5n2/8/8/2N1P3/PPPP1PPP/R1BQKBNR b KQkq - 2 2",0
"r1bqkb1r/pppppppp/2n2n2/8/8/2N1P3/PPPP1PPP/R1BQKBNR w KQkq - 3 3",0
"r1bqkb1r/pppppppp/2n2n2/8/8/2N1PN2/PPPP1PPP/R1BQKB1R b KQkq - 4 3",0
"r1bqkb1r/ppp1pppp/2n2n2/3p4/8/2N1PN2/PPPP1PPP/R1BQKB1R w KQkq d6 0 4",0
"r1bqkb1r/ppp1pppp/2n2n2/3N4/8/4PN2/PPPP1PPP/R1BQKB1R b KQkq - 0 4",0
"r1bqkb1r/ppp1ppp1/2n2n1p/3N4/8/4PN2/PPPP1PPP/R1BQKB1R w KQkq - 0 5",0
"r1bqkb1r/ppp1ppp1/2n2n1p/3N4/2P5/4PN2/PP1P1PPP/R1BQKB1R b KQkq c3 0 5",0
"r1b1kb1r/ppp1ppp1/2n2n1p/3q4/2P5/4PN2/PP1P1PPP/R1BQKB1R w KQkq - 0 6",0
"r1b1kb1r/ppp1ppp1/2n2n1p/3q4/2P5/4PN1P/PP1P1PP1/R1BQKB1R b KQkq - 0 6",0
"r1b1kb1r/ppp1ppp1/2n2n1p/8/2P5/4Pq1P/PP1P1PP1/R1BQKB1R w KQkq - 0 7",0
"r1b1kb1r/ppp1ppp1/2n2n1p/8/2P5/4PQ1P/PP1P1PP1/R1B1KB1R b KQkq - 0 7",0
"r3kb1r/ppp1ppp1/2n1bn1p/8/2P5/4PQ1P/PP1P1PP1/R1B1KB1R w KQkq - 1 8",0
"r3kb1r/ppp1ppp1/2n1bQ1p/8/2P5/4P2P/PP1P1PP1/R1B1KB1R b KQkq - 0 8",0
"r3kb1r/ppp2pp1/2n1bp1p/8/2P5/4P2P/PP1P1PP1/R1B1KB1R w KQkq - 0 9",0
"r3kb1r/ppp2pp1/2n1bp1p/8/2P5/4PP1P/PP1P2P1/R1B1KB1R b KQkq - 0 9",0
"r3kb1r/ppp2pp1/2n2p1p/8/2b5/4PP1P/PP1P2P1/R1B1KB1R w KQkq - 0 10",0
"r3kb1r/ppp2pp1/2n2p1p/8/2B5/4PP1P/PP1P2P1/R1B1K2R b KQkq - 0 10",0
"r3k2r/ppp2pp1/2n2p1p/2b5/2B5/4PP1P/PP1P2P1/R1B1K2R w KQkq - 1 11",0
"r3k2r/ppp2Bp1/2n2p1p/2b5/8/4PP1P/PP1P2P1/R1B1K2R b KQkq - 0 11",0
"r4k1r/ppp2Bp1/2n2p1p/2b5/8/4PP1P/PP1P2P1/R1B1K2R w KQ - 1 12",0
"r4k1r/ppp2Bp1/2n2p1p/2b5/3P4/4PP1P/PP4P1/R1B1K2R b KQ d3 0 12",0
"1r3k1r/ppp2Bp1/2n2p1p/2b5/3P4/4PP1P/PP4P1/R1B1K2R w KQ - 1 13",0
"1r3k1r/ppp3p1/2n2p1p/2b5/3P4/1B2PP1P/PP4P1/R1B1K2R b KQ - 2 13",0
"1r3k1r/ppp3p1/5p1p/2b5/3n4/1B2PP1P/PP4P1/R1B1K2R w KQ - 0 14",0
"1r3k1r/ppp3p1/5p1p/2b5/3P4/1B3P1P/PP4P1/R1B1K2R b KQ - 0 14",0
"1r3k1r/p1p3p1/1p3p1p/2b5/3P4/1B3P1P/PP4P1/R1B1K2R w KQ - 0 15",0
"1r3k1r/p1p3p1/1p3p1p/2P5/8/1B3P1P/PP4P1/R1B1K2R b KQ - 0 15",0
"1r3k1r/p1p3p1/5p1p/2p5/8/1B3P1P/PP4P1/R1B1K2R w KQ - 0 16",0
"1r3k1r/p1p3p1/5p1B/2p5/8/1B3P1P/PP4P1/R3K2R b KQ - 0 16",0
"1r3k1r/2p3p1/5p1B/p1p5/8/1B3P1P/PP4P1/R3K2R w KQ a6 0 17",0
"1r3k1r/2p3B1/5p2/p1p5/8/1B3P1P/PP4P1/R3K2R b KQ - 0 17",0
"1r5r/2p3k1/5p2/p1p5/8/1B3P1P/PP4P1/R3K2R w KQ - 0 18",0
"1r5r/2p3k1/5p2/p1p5/8/1B3P1P/PP2K1P1/R6R b - - 1 18",0
"1r6/2p3k1/5p2/p1p5/7r/1B3P1P/PP2K1P1/R6R w - - 2 19",0
"1r6/2p3k1/5p2/p1p5/7r/1B2KP1P/PP4P1/R6R b - - 3 19",0
"8/2p3k1/5p2/p1p5/7r/1r2KP1P/PP4P1/R6R w - - 0 20",0
"8/2p3k1/5p2/p1p5/7r/1P2KP1P/1P4P1/R6R b - - 0 20",0
"8/2p3kr/5p2/p1p5/8/1P2KP1P/1P4P1/R6R w - - 1 21",0
"8/2p3kr/5p2/R1p5/8/1P2KP1P/1P4P1/7R b - - 0 21",0
"8/2p3k1/5p2/R1p5/8/1P2KP1r/1P4P1/7R w - - 0 22",0
"8/2p3k1/5p2/R1p5/8/1P2KP1R/1P4P1/8 b - - 0 22",0
"8/2p2k2/5p2/R1p5/8/1P2KP1R/1P4P1/8 w - - 1 23",0
"8/2p2k2/5p2/2R5/8/1P2KP1R/1P4P1/8 b - - 0 23",0
"8/2p5/4kp2/2R5/8/1P2KP1R/1P4P1/8 w - - 1 24",0
"8/2R5/4kp2/8/8/1P2KP1R/1P4P1/8 b - - 0 24",0
"8/2R5/5p2/4k3/8/1P2KP1R/1P4P1/8 w - - 1 25",0
"8/2R5/5p2/4k3/1P6/4KP1R/1P4P1/8 b - - 0 25",0
"8/2R5/8/4kp2/1P6/4KP1R/1P4P1/8 w - - 0 26",0
"8/2R5/8/4kp2/1P6/5P1R/1P3KP1/8 b - - 1 26",0
"8/2R5/8/4k3/1P3p2/5P1R/1P3KP1/8 w - - 0 27",0
"8/2R5/8/4k3/1P3pP1/5P1R/1P3K2/8 b - g3 0 27",0
"8/2R5/8/4k3/1P6/5PpR/1P3K2/8 w - - 0 28",0
"8/2R5/8/4k3/1P6/5PR1/1P3K2/8 b - - 0 28",0
"8/2R5/8/3k4/1P6/5PR1/1P3K2/8 w - - 1 29",0
"8/2R5/8/3k4/1P6/4KPR1/1P6/8 b - - 2 29",0
"8/2R5/8/4k3/1P6/4KPR1/1P6/8 w - - 3 30",0
"8/2R5/8/1P2k3/8/4KPR1/1P6/8 b - - 0 30",0
"8/2R5/8/1P1k4/8/4KPR1/1P6/8 w - - 1 31",0
"8/2R5/1P6/3k4/8/4KPR1/1P6/8 b - - 0 31",0
"8/2R5/1P6/4k3/8/4KPR1/1P6/8 w - - 1 32",0
"8/1PR5/8/4k3/8/4KPR1/1P6/8 b - - 0 32",0
"8/1PR5/8/3k4/8/4KPR1/1P6/8 w - - 1 33",0
"1Q6/2R5/8/3k4/8/4KPR1/1P6/8 b - - 0 33",0
"1Q6/2R5/3k4/8/8/4KPR1/1P6/8 w - - 1 34",0
"1Q6/2R5/3k4/8/5P2/4K1R1/1P6/8 b - - 0 34",0
"1Q6/2R5/4k3/8/5P2/4K1R1/1P6/8 w - - 1 35",0
"1Q6/2R5/4k3/5P2/8/4K1R1/1P6/8 b - - 0 35",0
"1Q6/2R5/8/5k2/8/4K1R1/1P6/8 w - - 0 36",0
"1Q6/2R5/8/5k2/1P6/4K1R1/8/8 b - b3 0 36",0
"1Q6/2R5/4k3/8/1P6/4K1R1/8/8 w - - 1 37",0
"1Q6/2R5/4k3/1P6/8/4K1R1/8/8 b - - 0 37",0
"1Q6/2R5/3k4/1P6/8/4K1R1/8/8 w - - 1 38",0
"1Q6/2R5/1P1k4/8/8/4K1R1/8/8 b - - 0 38",0
"1Q6/2R5/1P6/3k4/8/4K1R1/8/8 w - - 1 39",0
"1Q6/1PR5/8/3k4/8/4K1R1/8/8 b - - 0 39",0
"1Q6/1PR5/3k4/8/8/4K1R1/8/8 w - - 1 40",0
"1Q6/1PR5/3k4/8/3K4/6R1/8/8 b - - 2 40",0
"1Q6/1PR5/4k3/8/3K4/6R1/8/8 w - - 3 41",0
"1Q6/1P2R3/4k3/8/3K4/6R1/8/8 b - - 4 41",0
"1Q6/1P2k3/8/8/3K4/6R1/8/8 w - - 0 42",0
"8/1P2k3/8/8/3K1Q2/6R1/8/8 b - - 1 42",0
"8/1P6/4k3/8/3K1Q2/6R1/8/8 w - - 2 43",0
"1Q6/8/4k3/8/3K1Q2/6R1/8/8 b - - 0 43",0
"1Q6/4k3/8/8/3K1Q2/6R1/8/8 w - - 1 44",0
"8/4k3/8/8/3K1Q2/1Q4R1/8/8 b - - 2 44",0
"4k3/8/8/8/3K1Q2/1Q4R1/8/8 w - - 3 45",0
"4k3/8/8/4K3/5Q2/1Q4R1/8/8 b - - 4 45",0
"8/3k4/8/4K3/5Q2/1Q4R1/8/8 w - - 5 46",0
"8/3k2R1/8/4K3/5Q2/1Q6/8/8 b - - 6 46",0
"3k4/6R1/8/4K3/5Q2/1Q6/8/8 w - - 7 47",0
"3k4/6R1/8/3K4/5Q2/1Q6/8/8 b - - 8 47",0
"4k3/6R1/8/3K4/5Q2/1Q6/8/8 w - - 9 48",0
"4k3/6R1/2K5/8/5Q2/1Q6/8/8 b - - 10 48",0
"3k4/6R1/2K5/8/5Q2/1Q6/8/8 w - - 11 49",0
"3k4/6R1/8/3K4/5Q2/1Q6/8/8 b - - 12 49",0
"4k3/6R1/8/3K4/5Q2/1Q6/8/8 w - - 13 50",0
"4k3/6R1/8/3K4/5Q2/2Q5/8/8 b - - 14 50",0
"3k4/6R1/8/3K4/5Q2/2Q5/8/8 w - - 15 51",0
"3k4/6R1/8/3K4/2Q5/2Q5/8/8 b - - 16 51",0
"4k3/6R1/8/3K4/2Q5/2Q5/8/8 w - - 17 52",0
"4k3/6R1/8/4K3/2Q5/2Q5/8/8 b - - 18 52",0
"3k4/6R1/8/4K3/2Q5/2Q5/8/8 w - - 19 53",0
"3k4/6R1/8/3K4/2Q5/2Q5/8/8 b - - 20 53",0
"4k3/6R1/8/3K4/2Q5/2Q5/8/8 w - - 21 54",0
"4k3/6R1/8/Q2K4/2Q5/8/8/8 b - - 22 54",0
"5k2/6R1/8/Q2K4/2Q5/8/8/8 w - - 23 55",0
"5k2/6R1/8/2QK4/2Q5/8/8/8 b - - 24 55",0
"8/6k1/8/2QK4/2Q5/8/8/8 w - - 0 56",0
"2Q5/6k1/8/3K4/2Q5/8/8/8 b - - 1 56",0
"2Q5/8/5k2/3K4/2Q5/8/8/8 w - - 2 57",0
"8/8/5k2/2QK4/2Q5/8/8/8 b - - 3 57",0
"8/8/6k1/2QK4/2Q5/8/8/8 w - - 4 58",0
"8/8/6k1/1Q1K4/2Q5/8/8/8 b - - 5 58",0
"8/6k1/8/1Q1K4/2Q5/8/8/8 w - - 6 59",0
"8/6k1/8/1Q1K4/5Q2/8/8/8 b - - 7 59",0
"6k1/8/8/1Q1K4/5Q2/8/8/8 w - - 8 60",0
"6k1/8/8/1Q1K4/8/8/5Q2/8 b - - 9 60",0
"8/6k1/8/1Q1K4/8/8/5Q2/8 w - - 10 61",0
"8/6k1/8/1Q1K4/8/8/2Q5/8 b - - 11 61",0
"6k1/8/8/1Q1K4/8/8/2Q5/8 w - - 12 62",0
"6k1/8/8/3K4/8/1Q6/2Q5/8 b - - 13 62",0
"8/6k1/8/3K4/8/1Q6/2Q5/8 w - - 14 63",0
"8/6k1/8/4K3/8/1Q6/2Q5/8 b - - 15 63",0
"5k2/8/8/4K3/8/1Q6/2Q5/8 w - - 16 64",0
"5k2/8/8/4K3/8/1QQ5/8/8 b - - 17 64",0
"8/4k3/8/4K3/8/1QQ5/8/8 w - - 18 65",0
"8/4k3/8/1Q2K3/8/2Q5/8/8 b - - 19 65",0
"3k4/8/8/1Q2K3/8/2Q5/8/8 w - - 20 66",0
"3k4/8/8/4K3/8/1QQ5/8/8 b - - 21 66",0
"8/4k3/8/4K3/8/1QQ5/8/8 w - - 22 67",0
"8/4k3/8/4K3/8/1Q6/2Q5/8 b - - 23 67",0
"8/3k4/8/4K3/8/1Q6/2Q5/8 w - - 24 68",0
"8/3k4/8/3K4/8/1Q6/2Q5/8 b - - 25 68",0
"8/4k3/8/3K4/8/1Q6/2Q5/8 w - - 26 69",0
"8/4k3/8/4K3/8/1Q6/2Q5/8 b - - 27 69",0
"8/3k4/8/4K3/8/1Q6/2Q5/8 w - - 28 70",0
"8/3k4/8/3K4/8/1Q6/2Q5/8 b - - 29 70",0
"8/4k3/8/3K4/8/1Q6/2Q5/8 w - - 30 71",0
"rnbqkbnr/pppppppp/8/8/8/8/PPPPPPPP/RNBQKBNR w KQkq - 0 1",0
"rnbqkbnr/pppppppp/8/8/7P/8/PPPPPPP1/RNBQKBNR b KQkq h3 0 1",0
"r1bqkbnr/pppppppp/2n5/8/7P/8/PPPPPPP1/RNBQKBNR w KQkq - 1 2",0
"r1bqkbnr/pppppppp/2n5/8/7P/2P5/PP1PPPP1/RNBQKBNR b KQkq - 0 2",0
"r1bqkb1r/pppppppp/2n2n2/8/7P/2P5/PP1PPPP1/RNBQKBNR w KQkq - 1 3",0
"r1bqkb1r/pppppppp/2n2n2/8/7P/N1P5/PP1PPPP1/R1BQKBNR b KQkq - 2 3",0
"r1bqkb1r/ppp1pppp/2n2n2/3p4/7P/N1P5/PP1PPPP1/R1BQKBNR w KQkq d6 0 4",0
"r1bqkb1r/ppp1pppp/2n2n2/3p4/7P/NPP5/P2PPPP1/R1BQKBNR b KQkq - 0 4",0
"r1bqkb1r/ppp2ppp/2n2n2/3pp3/7P/NPP5/P2PPPP1/R1BQKBNR w KQkq e6 0 5",0
"r1bqkb1r/ppp2ppp/2n2n2/3pp3/7P/NPP2N2/P2PPPP1/R1BQKB1R b KQkq - 1 5",0
"r1b1kb1r/pppq1ppp/2n2n2/3pp3/7P/NPP2N2/P2PPPP1/R1BQKB1R w KQkq - 2 6",0
"r1b1kb1r/pppq1ppp/2n2n2/3pN3/7P/NPP5/P2PPPP1/R1BQKB1R b KQkq - 0 6",0
"r1b1kb1r/1ppq1ppp/2n2n2/p2pN3/7P/NPP5/P2PPPP1/R1BQKB1R w KQkq a6 0 7",0
"r1b1kb1r/1ppq1ppp/2n2n2/p2p4/2N4P/NPP5/P2PPPP1/R1BQKB1R b KQkq - 1 7",0
"r1b1kb1r/1ppq1ppp/2n2n2/p7/2p4P/NPP5/P2PPPP1/R1BQKB1R w KQkq - 0 8",0
"r1b1kb1r/1ppq1ppp/2n2n2/p7/2N4P/1PP5/P2PPPP1/R1BQKB1R b KQkq - 0 8",0
"r1b1kb1r/1pp2ppp/2n2n2/p7/2N4P/1PP5/P2qPPP1/R1BQKB1R w KQkq - 0 9",0
"r1b1kb1r/1pp2ppp/2n2n2/p7/2N4P/1PP5/P2KPPP1/R1BQ1B1R b kq - 0 9",0
"r3kb1r/1pp2ppp/2n2n2/p4b2/2N4P/1PP5/P2KPPP1/R1BQ1B1R w kq - 1 10",0
"r3kb1r/1pp2ppp/2n2n2/N4b2/7P/1PP5/P2KPPP1/R1BQ1B1R b kq - 0 10",0
"4kb1r/1pp2ppp/2n2n2/r4b2/7P/1PP5/P2KPPP1/R1BQ1B1R w k - 0 11",0
"4kb1r/1pp2ppp/2n2n2/r4b2/4P2P/1PP5/P2K1PP1/R1BQ1B1R b k e3 0 11",0
"4kb1r/1pp1nppp/5n2/r4b2/4P2P/1PP5/P2K1PP1/R1BQ1B1R w k - 1 12",0
"4kb1r/1pp1nppp/5n2/r4P2/7P/1PP5/P2K1PP1/R1BQ1B1R b k - 0 12",0
"4kb1r/1pp2ppp/5n2/r4n2/7P/1PP5/P2K1PP1/R1BQ1B1R w k - 0 13",0
"4kb1r/1pp2ppp/5n2/r4n2/7P/1PPB4/P2K1PP1/R1BQ3R b k - 1 13",0
"4kb1r/1pp2ppp/5n2/5n2/7P/1PPB4/r2K1PP1/R1BQ3R w k - 0 14",0
"4kb1r/1pp2ppp/5n2/5n2/7P/1PPB4/R2K1PP1/2BQ3R b k - 0 14",0
"4kb1r/1pp2ppp/5n2/8/7n/1PPB4/R2K1PP1/2BQ3R w k - 0 15",0
"4kb1r/1pp2ppp/5n2/7Q/7n/1PPB4/R2K1PP1/2B4R b k - 1 15",0
"4kb1r/1pp2ppp/8/7Q/4n2n/1PPB4/R2K1PP1/2B4R w k - 2 16",0
"4kb1r/1pp2ppp/8/7Q/4B2n/1PP5/R2K1PP1/2B4R b k - 0 16",0
"4kb1r/1pp2ppp/8/7Q/4B3/1PP5/R2K1Pn1/2B4R w k - 0 17",0
"4kb1r/1pp2ppp/8/7Q/8/1PP5/R2K1PB1/2B4R b k - 0 17",0
"4k2r/1pp2ppp/8/2b4Q/8/1PP5/R2K1PB1/2B4R w k - 1 18",0
"4k2r/1pp2ppp/8/2Q5/8/1PP5/R2K1PB1/2B4R b k - 0 18",0
"4kr2/1pp2ppp/8/2Q5/8/1PP5/R2K1PB1/2B4R w - - 1 19",0
"4kQ2/1pp2ppp/8/8/8/1PP5/R2K1PB1/2B4R b - - 0 19",0
"5k2/1pp2ppp/8/8/8/1PP5/R2K1PB1/2B4R w - - 0 20",0
"5k2/1pp2ppR/8/8/8/1PP5/R2K1PB1/2B5 b - - 0 20",0
"8/1pp1kppR/8/8/8/1PP5/R2K1PB1/2B5 w - - 1 21",0
"8/1pp1kpR1/8/8/8/1PP5/R2K1PB1/2B5 b - - 0 21",0
"8/1pp2pR1/4k3/8/8/1PP5/R2K1PB1/2B5 w - - 1 22",0
"8/1Bp2pR1/4k3/8/8/1PP5/R2K1P2/2B5 b - - 0 22",0
"8/1Bp2pR1/8/4k3/8/1PP5/R2K1P2/2B5 w - - 1 23",0
"8/2p2pR1/B7/4k3/8/1PP5/R2K1P2/2B5 b - - 2 23",0
"8/5pR1/B7/2p1k3/8/1PP5/R2K1P2/2B5 w - c6 0 24",0
"8/5R2/B7/2p1k3/8/1PP5/R2K1P2/2B5 b - - 0 24",0
"8/5R2/B7/2p5/4k3/1PP5/R2K1P2/2B5 w - - 1 25",0
"8/5R2/B7/2p5/4kP2/1PP5/R2K4/2B5 b - f3 0 25",0
"8/5R2/B7/2p5/5P2/1PP2k2/R2K4/2B5 w - - 1 26",0
"8/5R2/B7/2p2P2/8/1PP2k2/R2K4/2B5 b - - 0 26",0
"8/5R2/B7/2p2P2/4k3/1PP5/R2K4/2B5 w - - 1 27",0
"8/3R4/B7/2p2P2/4k3/1PP5/R2K4/2B5 b - - 2 27",0
"8/3R4/B7/2p2k2/8/1PP5/R2K4/2B5 w - - 0 28",0
"8/3R4/8/2p2k2/8/1PPB4/R2K4/2B5 b - - 1 28",0
"8/3R4/5k2/2p5/8/1PPB4/R2K4/2B5 w - - 2 29",0
"8/3R4/5k2/2p5/8/1PPBK3/R7/2B5 b - - 3 29",0
"8/3R4/5k2/8/2p5/1PPBK3/R7/2B5 w - - 0 30",0
"8/3R4/5k2/8/2B5/1PP1K3/R7/2B5 b - - 0 30",0
"8/3R4/8/5k2/2B5/1PP1K3/R7/2B5 w - - 1 31",0
"8/3R4/8/5k2/1PB5/2P1K3/R7/2B5 b - - 0 31",0
"8/3R4/8/4k3/1PB5/2P1K3/R7/2B5 w - - 1 32",0
"8/3R4/8/1P2k3/2B5/2P1K3/R7/2B5 b - - 0 32",0
"8/3R4/8/1P3k2/2B5/2P1K3/R7/2B5 w - - 1 33",0
"8/3R4/1P6/5k2/2B5/2P1K3/R7/2B5 b - - 0 33",0
"8/3R4/1P6/4k3/2B5/2P1K3/R7/2B5 w - - 1 34",0
"8/3R4/1P6/4k3/2B5/2P1K3/8/R1B5 b - - 2 34",0
"8/3R4/1P6/5k2/2B5/2P1K3/8/R1B5 w - - 3 35",0
"8/3R4/1P6/5k2/2B5/2P1K3/3B4/R7 b - - 4 35",0
"8/3R4/1P3k2/8/2B5/2P1K3/3B4/R7 w - - 5 36",0
"8/1P1R4/5k2/8/2B5/2P1K3/3B4/R7 b - - 0 36",0
"8/1P1R4/8/4k3/2B5/2P1K3/3B4/R7 w - - 1 37",0
"1Q6/3R4/8/4k3/2B5/2P1K3/3B4/R7 b - - 0 37",0
"1Q6/3R4/5k2/8/2B5/2P1K3/3B4/R7 w - - 1 38",0
"1Q6/3R4/5k2/8/2B1K3/2P5/3B4/R7 b - - 2 38",0
"1Q6/3R4/6k1/8/2B1K3/2P5/3B4/R7 w - - 3 39",0
"8/3R4/6k1/8/2B1K3/1QP5/3B4/R7 b - - 4 39",0
"8/3R4/5k2/8/2B1K3/1QP5/3B4/R7 w - - 5 40",0
"8/3R4/5k2/8/2B1K3/1QP1B3/8/R7 b - - 6 40",0
"8/3R4/6k1/8/2B1K3/1QP1B3/8/R7 w - - 7 41",0
"8/3R4/6k1/4K3/2B5/1QP1B3/8/R7 b - - 8 41",0
"8/3R4/8/4K2k/2B5/1QP1B3/8/R7 w - - 9 42",0
"8/3R4/4K3/7k/2B5/1QP1B3/8/R7 b - - 10 42",0
"8/3R4/4K3/8/2B3k1/1QP1B3/8/R7 w - - 11 43",0
"8/8/4K3/8/2BR2k1/1QP1B3/8/R7 b - - 12 43",0
"8/8/4K3/7k/2BR4/1QP1B3/8/R7 w - - 13 44",0
"8/8/8/4K2k/2BR4/1QP1B3/8/R7 b - - 14 44",0
"8/8/6k1/4K3/2BR4/1QP1B3/8/R7 w - - 15 45",0
"8/8/6k1/4K3/2B4R/1QP1B3/8/R7 b - - 16 45",0
"8/6k1/8/4K3/2B4R/1QP1B3/8/R7 w - - 17 46",0
"8/6kR/8/4K3/2B5/1QP1B3/8/R7 b - - 18 46",0
"8/7k/8/4K3/2B5/1QP1B3/8/R7 w - - 0 47",0
"8/7k/8/4K3/2B5/1QP1B3/8/3R4 b - - 1 47",0
"8/6k1/8/4K3/2B5/1QP1B3/8/3R4 w - - 2 48",0
"8/3R2k1/8/4K3/2B5/1QP1B3/8/8 b - - 3 48",0
"5k2/3R4/8/4K3/2B5/1QP1B3/8/8 w - - 4 49",0
"5k2/8/8/4K3/2B5/1QP1B3/3R4/8 b - - 5 49",0
"8/4k3/8/4K3/2B5/1QP1B3/3R4/8 w - - 6 50",0
"8/4k3/1B6/4K3/2B5/1QP5/3R4/8 b - - 7 50",0
"4k3/8/1B6/4K3/2B5/1QP5/3R4/8 w - - 8 51",0
"4k3/8/1B6/4K3/8/1QP5/3R4/5B2 b - - 9 51",0
"8/4k3/1B6/4K3/8/1QP5/3R4/5B2 w - - 10 52",0
"8/4k3/1B6/4K3/2P5/1Q6/3R4/5B2 b - - 0 52",0
"4k3/8/1B6/4K3/2P5/1Q6/3R4/5B2 w - - 1 53",0
"4k3/8/1B6/2P1K3/8/1Q6/3R4/5B2 b - - 0 53",0
"8/4k3/1B6/2P1K3/8/1Q6/3R4/5B2 w - - 1 54",0
"8/4k3/1BP5/4K3/8/1Q6/3R4/5B2 b - - 0 54",0
"5k2/8/1BP5/4K3/8/1Q6/3R4/5B2 w - - 1 55",0
"5k2/2P5/1B6/4K3/8/1Q6/3R4/5B2 b - - 0 55",0
"8/2P1k3/1B6/4K3/8/1Q6/3R4/5B2 w - - 1 56",0
"rnbqkbnr/pppppppp/8/8/8/8/PPPPPPPP/RNBQKBNR w KQkq - 0 1",0
"rnbqkbnr/pppppppp/8/8/8/2N5/PPPPPPPP/R1BQKBNR b KQkq - 1 1",0
"r1bqkbnr/pppppppp/2n5/8/8/2N5/PPPPPPPP/R1BQKBNR w KQkq - 2 2",0
"r1bqkbnr/pppppppp/2n5/8/8/2N2N2/PPPPPPPP/R1BQKB1R b KQkq - 3 2",0
"r1bqkb1r/pppppppp/2n2n2/8/8/2N2N2/PPPPPPPP/R1BQKB1R w KQkq - 4 3",0
"r1bqkb1r/pppppppp/2n2n2/8/3P4/2N2N2/PPP1PPPP/R1BQKB1R b KQkq d3 0 3",0
"r1bqkb1r/pppppppp/5n2/8/3n4/2N2N2/PPP1PPPP/R1BQKB1R w KQkq - 0 4",0
"r1bqkb1r/pppppppp/5n2/8/3Q4/2N2N2/PPP1PPPP/R1B1KB1R b KQkq - 0 4",0
"r1bqkb1r/ppp1pppp/5n2/3p4/3Q4/2N2N2/PPP1PPPP/R1B1KB1R w KQkq d6 0 5",0
"r1bqkb1r/ppp1pppp/5Q2/3p4/8/2N2N2/PPP1PPPP/R1B1KB1R b KQkq - 0 5",0
"r1bqkb1r/ppp2ppp/5p2/3p4/8/2N2N2/PPP1PPPP/R1B1KB1R w KQkq - 0 6",0
"r1bqkb1r/ppp2ppp/5p2/3N4/8/5N2/PPP1PPPP/R1B1KB1R b KQkq - 0 6",0
"r1b1kb1r/ppp2ppp/5p2/3q4/8/5N2/PPP1PPPP/R1B1KB1R w KQkq - 0 7",0
"r1b1kb1r/ppp2ppp/5p2/3q4/4P3/5N2/PPP2PPP/R1B1KB1R b KQkq e3 0 7",0
"r1b1kb1r/ppp2ppp/5p2/8/4q3/5N2/PPP2PPP/R1B1KB1R w KQkq - 0 8",0
"r1b1kb1r/ppp2ppp/5p2/8/4q3/4BN2/PPP2PPP/R3KB1R b KQkq - 1 8",0
"r1b1kb1r/ppp2ppp/5p2/8/8/4qN2/PPP2PPP/R3KB1R w KQkq - 0 9",0
"r1b1kb1r/ppp2ppp/5p2/8/8/4PN2/PPP3PP/R3KB1R b KQkq - 0 9",0
"1rb1kb1r/ppp2ppp/5p2/8/8/4PN2/PPP3PP/R3KB1R w KQk - 1 10",0
"1rb1kb1r/ppp2ppp/5p2/8/8/3BPN2/PPP3PP/R3K2R b KQk - 2 10",0
"1rb1kb1r/ppp2ppp/8/5p2/8/3BPN2/PPP3PP/R3K2R w KQk - 0 11",0
"1rb1kb1r/ppp2ppp/8/5p2/8/P2BPN2/1PP3PP/R3K2R b KQk - 0 11",0
"1rb1k2r/ppp2ppp/8/5p2/8/b2BPN2/1PP3PP/R3K2R w KQk - 0 12",0
"1rb1k2r/ppp2ppp/8/5p2/8/R2BPN2/1PP3PP/4K2R b Kk - 0 12",0
"1rb1k2r/1pp2ppp/8/p4p2/8/R2BPN2/1PP3PP/4K2R w Kk a6 0 13",0
"1rb1k2r/1pp2ppp/8/R4p2/8/3BPN2/1PP3PP/4K2R b Kk - 0 13",0
"1rb2rk1/1pp2ppp/8/R4p2/8/3BPN2/1PP3PP/4K2R w K - 1 14",0
"1rb2rk1/1pp2ppp/8/5R2/8/3BPN2/1PP3PP/4K2R b K - 0 14",0
"1rb2rk1/1pp3pp/5p2/5R2/8/3BPN2/1PP3PP/4K2R w K - 0 15",0
"1rb2rk1/1pp3pp/5R2/8/8/3BPN2/1PP3PP/4K2R b K - 0 15",0
"1rb3k1/1pp3pp/5r2/8/8/3BPN2/1PP3PP/4K2R w K - 0 16",0
"1rb3k1/1pp3pB/5r2/8/8/4PN2/1PP3PP/4K2R b K - 0 16",0
"1rb5/1pp3pk/5r2/8/8/4PN2/1PP3PP/4K2R w K - 0 17",0
"1rb5/1pp3pk/5r2/8/4P3/5N2/1PP3PP/4K2R b K - 0 17",0
"1rb5/1pp3pk/8/8/4P3/5r2/1PP3PP/4K2R w K - 0 18",0
"1rb5/1pp3pk/8/8/4P3/5P2/1PP4P/4K2R b K - 0 18",0
"1rb3k1/1pp3p1/8/8/4P3/5P2/1PP4P/4K2R w K - 1 19",0
"1rb3k1/1pp3p1/8/4P3/8/5P2/1PP4P/4K2R b K - 0 19",0
"1r4k1/1pp3p1/8/4Pb2/8/5P2/1PP4P/4K2R w K - 1 20",0
"1r4k1/1pp3p1/4P3/5b2/8/5P2/1PP4P/4K2R b K - 0 20",0
"1r4k1/1pp3p1/4P3/8/8/5P2/1Pb4P/4K2R w K - 0 21",0
"1r4k1/1pp1P1p1/8/8/8/5P2/1Pb4P/4K2R b K - 0 21",0
"1r4k1/1pp1P1p1/8/8/8/3b1P2/1P5P/4K2R w K - 1 22",0
"1r2Q1k1/1pp3p1/8/8/8/3b1P2/1P5P/4K2R b K - 0 22",0
"1r2Q3/1pp3pk/8/8/8/3b1P2/1P5P/4K2R w K - 1 23",0
"1Q6/1pp3pk/8/8/8/3b1P2/1P5P/4K2R b K - 0 23",0
"1Q6/1pp4k/6p1/8/8/3b1P2/1P5P/4K2R w K - 0 24",0
"8/1Qp4k/6p1/8/8/3b1P2/1P5P/4K2R b K - 0 24",0
"8/1Qp3k1/6p1/8/8/3b1P2/1P5P/4K2R w K - 1 25",0
"8/2Q3k1/6p1/8/8/3b1P2/1P5P/4K2R b K - 0 25",0
"8/2Q5/5kp1/8/8/3b1P2/1P5P/4K2R w K - 1 26",0
"8/2Q5/5kp1/8/8/3b1P2/1P3K1P/7R b - - 2 26",0
"8/2Q5/b4kp1/8/8/5P2/1P3K1P/7R w - - 3 27",0
"8/2Q5/b4kp1/8/8/4KP2/1P5P/7R b - - 4 27",0
"8/2Q5/5kp1/8/8/4KP2/1P2b2P/7R w - - 5 28",0
"8/2Q5/5kp1/8/8/5P2/1P2K2P/7R b - - 0 28",0
"8/2Q5/4k1p1/8/8/5P2/1P2K2P/7R w - - 1 29",0
"8/2Q5/4k1p1/8/8/4KP2/1P5P/7R b - - 2 29",0
"8/2Q5/4k3/6p1/8/4KP2/1P5P/7R w - - 0 30",0
"8/2Q5/4k3/6p1/1P6/4KP2/7P/7R b - b3 0 30",0
"8/2Q5/4k3/8/1P4p1/4KP2/7P/7R w - - 0 31",0
"8/2Q5/4k3/8/1P4P1/4K3/7P/7R b - - 0 31",0
"8/2Q5/8/3k4/1P4P1/4K3/7P/7R w - - 1 32",0
"8/2Q5/8/1P1k4/6P1/4K3/7P/7R b - - 0 32",0
"8/2Q5/4k3/1P6/6P1/4K3/7P/7R w - - 1 33",0
"8/2Q5/1P2k3/8/6P1/4K3/7P/7R b - - 0 33",0
"8/2Q5/1P6/3k4/6P1/4K3/7P/7R w - - 1 34",0
"8/8/1P6/3k4/6P1/4K3/7P/2Q4R b - - 2 34",0
"8/8/1P1k4/8/6P1/4K3/7P/2Q4R w - - 3 35",0
"8/1P6/3k4/8/6P1/4K3/7P/2Q4R b - - 0 35",0
"8/1P6/8/3k4/6P1/4K3/7P/2Q4R w - - 1 36",0
"1Q6/8/8/3k4/6P1/4K3/7P/2Q4R b - - 0 36",0
"1Q6/8/4k3/8/6P1/4K3/7P/2Q4R w - - 1 37",0
"1Q6/8/4k3/6P1/8/4K3/7P/2Q4R b - - 0 37",0
"1Q6/4k3/8/6P1/8/4K3/7P/2Q4R w - - 1 38",0
"1Q6/4k3/6P1/8/8/4K3/7P/2Q4R b - - 0 38",0
"1Q6/3k4/6P1/8/8/4K3/7P/2Q4R w - - 1 39",0
"1Q6/3k2P1/8/8/8/4K3/7P/2Q4R b - - 0 39",0
"1Q6/4k1P1/8/8/8/4K3/7P/2Q4R w - - 1 40",0
"1Q4Q1/4k3/8/8/8/4K3/7P/2Q4R b - - 0 40",0
"1Q4Q1/3k4/8/8/8/4K3/7P/2Q4R w - - 1 41",0
"1Q4Q1/3k4/8/8/3K4/8/7P/2Q4R b - - 2 41",0
"1Q4Q1/4k3/8/8/3K4/8/7P/2Q4R w - - 3 42",0
"1Q4Q1/4k3/8/8/3K3P/8/8/2Q4R b - h3 0 42",0
"1Q4Q1/3k4/8/8/3K3P/8/8/2Q4R w - - 1 43",0
"1Q4Q1/3k4/8/7P/3K4/8/8/2Q4R b - - 0 43",0
"1Q4Q1/4k3/8/7P/3K4/8/8/2Q4R w - - 1 44",0
"1Q4Q1/4k3/7P/8/3K4/8/8/2Q4R b - - 0 44",0
"1Q4Q1/3k4/7P/8/3K4/8/8/2Q4R w - - 1 45",0
"6Q1/1Q1k4/7P/8/3K4/8/8/2Q4R b - - 2 45",0
"6Q1/1Q6/3k3P/8/3K4/8/8/2Q4R w - - 3 46",0
"rnbqkbnr/pppppppp/8/8/8/8/PPPPPPPP/RNBQKBNR w KQkq - 0 1",0
"rnbqkbnr/pppppppp/8/8/8/2N5/PPPPPPPP/R1BQKBNR b KQkq - 1 1",0
"r1bqkbnr/pppppppp/2n5/8/8/2N5/PPPPPPPP/R1BQKBNR w KQkq - 2 2",0
"r1bqkbnr/pppppppp/2n5/8/8/2N2N2/PPPPPPPP/R1BQKB1R b KQkq - 3 2",0
"r1bqkb1r/pppppppp/2n2n2/8/8/2N2N2/PPPPPPPP/R1BQKB1R w KQkq - 4 3",0
"r1bqkb1r/pppppppp/2n2n2/8/3P4/2N2N2/PPP1PPPP/R1BQKB1R b KQkq d3 0 3",0
"r1bqkb1r/pppppppp/5n2/8/3n4/2N2N2/PPP1PPPP/R1BQKB1R w KQkq - 0 4",0
"r1bqkb1r/pppppppp/5n2/8/3n1B2/2N2N2/PPP1PPPP/R2QKB1R b KQkq - 1 4",0
"r1bqkb1r/pppppppp/5n2/8/5B2/2N2n2/PPP1PPPP/R2QKB1R w KQkq - 0 5",0
"r1bqkb1r/pppppppp/5n2/8/5B2/2N2P2/PPP2PPP/R2QKB1R b KQkq - 0 5",0
"r1bqkb1r/ppp1pppp/5n2/3p4/5B2/2N2P2/PPP2PPP/R2QKB1R w KQkq d6 0 6",0
"r1bqkb1r/ppp1pppp/5n2/3Q4/5B2/2N2P2/PPP2PPP/R3KB1R b KQkq - 0 6",0
"r1b1kb1r/ppp1pppp/5n2/3q4/5B2/2N2P2/PPP2PPP/R3KB1R w KQkq - 0 7",0
"r1b1kb1r/ppp1pppp/5n2/3N4/5B2/5P2/PPP2PPP/R3KB1R b KQkq - 0 7",0
"r1b1kb1r/ppp1pppp/8/3n4/5B2/5P2/PPP2PPP/R3KB1R w KQkq - 0 8",0
"r1b1kb1r/ppB1pppp/8/3n4/8/5P2/PPP2PPP/R3KB1R b KQkq - 0 8",0
"r1b1kb1r/ppn1pppp/8/8/8/5P2/PPP2PPP/R3KB1R w KQkq - 0 9",0
"r1b1kb1r/ppn1pppp/8/8/8/3B1P2/PPP2PPP/R3K2R b KQkq - 1 9",0
"r1b1kb1r/ppn2ppp/8/4p3/8/3B1P2/PPP2PPP/R3K2R w KQkq e6 0 10",0
"r1b1kb1r/ppn2ppB/8/4p3/8/5P2/PPP2PPP/R3K2R b KQkq - 0 10",0
"r1b1kb2/ppn2ppr/8/4p3/8/5P2/PPP2PPP/R3K2R w KQq - 0 11",0
"r1b1kb2/ppn2ppr/8/4p3/8/5P2/PPP1KPPP/R6R b q - 1 11",0
"r1b1kb2/ppn2pp1/8/4p2r/8/5P2/PPP1KPPP/R6R w q - 2 12",0
"r1b1kb2/ppn2pp1/8/4p2r/5P2/8/PPP1KPPP/R6R b q - 0 12",0
"r1b1kb2/ppn2pp1/8/7r/5p2/8/PPP1KPPP/R6R w q - 0 13",0
"r1b1kb2/ppn2pp1/8/7r/5p2/8/PPP1KPPP/3R3R b q - 1 13",0
"r3kb2/ppn2pp1/4b3/7r/5p2/8/PPP1KPPP/3R3R w q - 2 14",0
"r3kb2/ppn2pp1/4b3/7r/5p2/8/PPP2PPP/3RK2R b q - 3 14",0
"r3kb2/ppn2pp1/4b3/8/5p2/8/PPP2PPr/3RK2R w q - 0 15",0
"r2Rkb2/ppn2pp1/4b3/8/5p2/8/PPP2PPr/4K2R b q - 1 15",0
"3rkb2/ppn2pp1/4b3/8/5p2/8/PPP2PPr/4K2R w - - 0 16",0
"3rkb2/ppn2pp1/4b3/8/5pP1/8/PPP2P1r/4K2R b - g3 0 16",0
"3rkb2/ppn2pp1/4b3/8/5pP1/8/PPP2P2/4K2r w - - 0 17",0
"3rkb2/ppn2pp1/4b3/8/5pP1/8/PPP1KP2/7r b - - 1 17",0
"3rkb1r/ppn2pp1/4b3/8/5pP1/8/PPP1KP2/8 w - - 2 18",0
"3rkb1r/ppn2pp1/4b3/6P1/5p2/8/PPP1KP2/8 b - - 0 18",0
"3rkb1r/ppn2pp1/8/6P1/5p2/8/bPP1KP2/8 w - - 0 19",0
"3rkb1r/ppn2pp1/6P1/8/5p2/8/bPP1KP2/8 b - - 0 19",0
"3rkb1r/ppn3p1/6p1/8/5p2/8/bPP1KP2/8 w - - 0 20",0
"3rkb1r/ppn3p1/6p1/8/1P3p2/8/b1P1KP2/8 b - b3 0 20",0
"3rk2r/ppn3p1/6p1/8/1b3p2/8/b1P1KP2/8 w - - 0 21",0
"3rk2r/ppn3p1/6p1/8/1bP2p2/8/b3KP2/8 b - c3 0 21",0
"3rk2r/ppn3p1/6p1/8/1bb2p2/8/4KP2/8 w - - 0 22",0
"3rk2r/ppn3p1/6p1/8/1bb2p2/5K2/5P2/8 b - - 1 22",0
"4k2r/ppn3p1/6p1/3r4/1bb2p2/5K2/5P2/8 w - - 2 23",0
"4k2r/ppn3p1/6p1/3r4/1bb2pK1/8/5P2/8 b - - 3 23",0
"7r/ppn2kp1/6p1/3r4/1bb2pK1/8/5P2/8 w - - 4 24",0
"7r/ppn2kp1/6p1/3r4/1bb2K2/8/5P2/8 b - - 0 24",0
"7r/pp3kp1/n5p1/3r4/1bb2K2/8/5P2/8 w - - 1 25",0
"7r/pp3kp1/n5p1/3r4/1bb1K3/8/5P2/8 b - - 2 25",0
"7r/pp3kp1/6p1/2nr4/1bb1K3/8/5P2/8 w - - 3 26",0
"7r/pp3kp1/6p1/2nr4/1bb5/5K2/5P2/8 b - - 4 26",0
"7r/pp4p1/4k1p1/2nr4/1bb5/5K2/5P2/8 w - - 5 27",0
"7r/pp4p1/4k1p1/2nr4/1bb5/4K3/5P2/8 b - - 6 27",0
"7r/1p4p1/4k1p1/p1nr4/1bb5/4K3/5P2/8 w - a6 0 28",0
"7r/1p4p1/4k1p1/p1nr4/1bb2P2/4K3/8/8 b - f3 0 28",0
"7r/1p4p1/4k1p1/2nr4/pbb2P2/4K3/8/8 w - - 0 29",0
"7r/1p4p1/4k1p1/2nr1P2/pbb5/4K3/8/8 b - - 0 29",0
"7r/1p2k1p1/6p1/2nr1P2/pbb5/4K3/8/8 w - - 1 30",0
"7r/1p2k1p1/6P1/2nr4/pbb5/4K3/8/8 b - - 0 30",0
"7r/1p2k1p1/6P1/2nr4/1bb5/p3K3/8/8 w - - 0 31",0
"7r/1p2k1p1/6P1/2nr4/1bb5/p7/5K2/8 b - - 1 31",0
"7r/1p2k1p1/6P1/2nr4/1bb5/8/p4K2/8 w - - 0 32",0
"7r/1p2k1p1/6P1/2nr4/1bb5/4K3/p7/8 b - - 1 32",0
"7r/1p2k1p1/6P1/2nr4/1bb5/4K3/8/q7 w - - 0 33",0
"7r/1p2k1p1/6P1/2nr4/1bb2K2/8/8/q7 b - - 1 33",0
"7r/1p4p1/4k1P1/2nr4/1bb2K2/8/8/q7 w - - 2 34",0
"7r/1p4p1/4k1P1/2nr4/1bb5/4K3/8/q7 b - - 3 34",0
"7r/1p4p1/4k1P1/2nr4/1bb5/2q1K3/8/8 w - - 4 35",0
"7r/1p4p1/4k1P1/2nr4/1bb2K2/2q5/8/8 b - - 5 35",0
"7r/6p1/4k1P1/1pnr4/1bb2K2/2q5/8/8 w - b6 0 36",0
"7r/6p1/4k1P1/1pnr4/1bb3K1/2q5/8/8 b - - 1 36",0
"7r/6p1/6P1/1pnrk3/1bb3K1/2q5/8/8 w - - 2 37",0
"7r/6p1/6P1/1pnrk1K1/1bb5/2q5/8/8 b - - 3 37",0
"7r/6p1/6P1/1pn1k1K1/1bb5/2q5/3r4/8 w - - 4 38",0
"7r/6p1/6P1/1pn1k3/1bb3K1/2q5/3r4/8 b - - 5 38",0
"7r/6p1/6P1/1pn5/1bb1k1K1/2q5/3r4/8 w - - 6 39",0
"7r/6p1/6P1/1pn3K1/1bb1k3/2q5/3r4/8 b - - 7 39",0
"8/6p1/6P1/1pn3K1/1bb1k3/2q5/3r3r/8 w - - 8 40",0
"8/6p1/6P1/1pn5/1bb1k1K1/2q5/3r3r/8 b - - 9 40",0
"8/6p1/6P1/1pn5/1bb1k1K1/2q5/3rr3/8 w - - 10 41",0
"8/6p1/6P1/1pn3K1/1bb1k3/2q5/3rr3/8 b - - 11 41",0
"8/6p1/6P1/1pn3K1/1b2k3/2qb4/3rr3/8 w - - 12 42",0
"8/6p1/6P1/1pn4K/1b2k3/2qb4/3rr3/8 b - - 13 42",0
"8/6p1/6P1/1pn4K/1b2k3/2qb4/1r2r3/8 w - - 14 43",0
"8/6p1/6P1/1pn3K1/1b2k3/2qb4/1r2r3/8 b - - 15 43",0
"8/6p1/6P1/1pn3K1/1b2k3/2qb4/2r1r3/8 w - - 16 44",0
"8/6p1/6P1/1pn5/1b2k1K1/2qb4/2r1r3/8 b - - 17 44",0
"8/6p1/6P1/1pn5/1b2k1K1/2qb4/r3r3/8 w - - 18 45",0
"8/6p1/6P1/1pn3K1/1b2k3/2qb4/r3r3/8 b - - 19 45",0
"8/6p1/6P1/1pn3K1/1b2k3/2qb4/1r2r3/8 w - - 20 46",0
"8/6p1/6P1/1pn4K/1b2k3/2qb4/1r2r3/8 b - - 21 46",0
"8/6p1/6P1/1pn4K/1b2k3/2qb4/r3r3/8 w - - 22 47",0
"8/6p1/6P1/1pn3K1/1b2k3/2qb4/r3r3/8 b - - 23 47",0
"8/6p1/6P1/1pn3K1/1b2k3/2qb4/1r2r3/8 w - - 24 48",0
"8/6p1/6P1/1pn4K/1b2k3/2qb4/1r2r3/8 b - - 25 48",0
"8/6p1/5qP1/1pn4K/1b2k3/3b4/1r2r3/8 w - - 26 49",0
"8/6p1/5qP1/1pn5/1b2k1K1/3b4/1r2r3/8 b - - 27 49",0
"8/6p1/6q1/1pn5/1b2k1K1/3b4/1r2r3/8 w - - 0 50",0
"8/6p1/6q1/1pn5/1b2k3/3b3K/1r2r3/8 b - - 1 50",0
"8/6p1/1q6/1pn5/1b2k3/3b3K/1r2r3/8 w - - 2 51",0
"8/6p1/1q6/1pn5/1b2k3/3b2K1/1r2r3/8 b - - 3 51",0
"8/8/1q6/1pn3p1/1b2k3/3b2K1/1r2r3/8 w - g6 0 52",0
"8/8/1q6/1pn3p1/1b2k1K1/3b4/1r2r3/8 b - - 1 52",0
"8/8/1q6/1pn3p1/1b2k1K1/3b4/2r1r3/8 w - - 2 53",0
"8/8/1q6/1pn3K1/1b2k3/3b4/2r1r3/8 b - - 0 53",0
"8/8/1q6/1pn3K1/1b2k3/3b4/1r2r3/8 w - - 1 54",0
"8/8/1q6/1pn5/1b2k2K/3b4/1r2r3/8 b - - 2 54",0
"8/8/1q6/1pn5/1b2k2K/3b4/2r1r3/8 w - - 3 55",0
"8/8/1q6/1pn5/1b2k3/3b3K/2r1r3/8 b - - 4 55",0
"8/8/1q6/1pn5/1b2k3/3b3K/1r2r3/8 w - - 5 56",0
"8/8/1q6/1pn5/1b2k3/3b2K1/1r2r3/8 b - - 6 56",0
"8/3n4/1q6/1p6/1b2k3/3b2K1/1r2r3/8 w - - 7 57",0
"8/3n4/1q6/1p6/1b2k2K/3b4/1r2r3/8 b - - 8 57",0
"8/8/1q6/1p2n3/1b2k2K/3b4/1r2r3/8 w - - 9 58",0
"8/8/1q6/1p2n3/1b2k3/3b3K/1r2r3/8 b - - 10 58",0
"8/8/1q6/1pb1n3/4k3/3b3K/1r2r3/8 w - - 11 59",0
"8/8/1q6/1pb1n3/4k2K/3b4/1r2r3/8 b - - 12 59",0
"8/4b3/1q6/1p2n3/4k2K/3b4/1r2r3/8 w - - 13 60",0
"8/4b3/1q6/1p2n3/4k3/3b3K/1r2r3/8 b - - 14 60",0
"8/4b3/1q6/4n3/1p2k3/3b3K/1r2r3/8 w - - 0 61",0
"8/4b3/1q6/4n3/1p2k3/3b2K1/1r2r3/8 b - - 1 61",0
"8/4b3/1q6/4n3/4k3/1p1b2K1/1r2r3/8 w - - 0 62",0
"8/4b3/1q6/4n3/4k3/1p1b3K/1r2r3/8 b - - 1 62",0
"8/8/1q6/2b1n3/4k3/1p1b3K/1r2r3/8 w - - 2 63",0
"8/8/1q6/2b1n3/4k2K/1p1b4/1r2r3/8 b - - 3 63",0
"8/8/1q6/2b1n3/4k2K/1p1b4/2r1r3/8 w - - 4 64",0
"8/8/1q6/2b1n2K/4k3/1p1b4/2r1r3/8 b - - 5 64",0
"8/8/1q6/2b1n2K/4k3/3b4/1pr1r3/8 w - - 0 65",0
"8/8/1q6/2b1n1K1/4k3/3b4/1pr1r3/8 b - - 1 65",0
"8/8/1q6/2b1n1K1/4k3/3b4/2r1r3/1q6 w - - 0 66",0
"8/8/1q6/2b1n3/4k2K/3b4/2r1r3/1q6 b - - 1 66",0
"8/8/1q6/4n3/4k2K/3bb3/2r1r3/1q6 w - - 2 67",0
"8/8/1q6/4n3/4k3/3bb2K/2r1r3/1q6 b - - 3 67",0
"8/8/1q6/4n3/4k3/3bb2K/1qr1r3/8 w - - 4 68",0
"8/8/1q6/4n3/4k3/3bb1K1/1qr1r3/8 b - - 5 68",0
"8/8/1q6/4n3/4k3/1q1bb1K1/2r1r3/8 w - - 6 69",0
"8/8/1q6/4n3/4k3/1q1bb2K/2r1r3/8 b - - 7 69",0
"8/8/1q6/4n3/4k3/1q1b3K/2r1rb2/8 w - - 8 70",0
"8/8/1q6/4n3/4k3/1q1b4/2r1rb1K/8 b - - 9 70",0
"8/8/1q6/4n3/4k3/1q1bb3/2r1r2K/8 w - - 10 71",0
"8/8/1q6/4n3/4k3/1q1bb3/2r1r3/7K b - - 11 71",0
"rnbqkbnr/pppppppp/8/8/8/8/PPPPPPPP/RNBQKBNR w KQkq - 0 1",0
"rnbqkbnr/pppppppp/8/8/8/2N5/PPPPPPPP/R1BQKBNR b KQkq - 1 1",0
"rnbqkbnr/1ppppppp/8/p7/8/2N5/PPPPPPPP/R1BQKBNR w KQkq a6 0 2",0
"rnbqkbnr/1ppppppp/8/p7/8/2N2N2/PPPPPPPP/R1BQKB1R b KQkq - 1 2",0
"r1bqkbnr/1ppppppp/2n5/p7/8/2N2N2/PPPPPPPP/R1BQKB1R w KQkq - 2 3",0
"r1bqkbnr/1ppppppp/2n5/p7/7N/2N5/PPPPPPPP/R1BQKB1R b KQkq - 3 3",0
"r1bqkb1r/1ppppppp/2n2n2/p7/7N/2N5/PPPPPPPP/R1BQKB1R w KQkq - 4 4",0
"r1bqkb1r/1ppppppp/2n2n2/p4N2/8/2N5/PPPPPPPP/R1BQKB1R b KQkq - 5 4",0
"r1bqkb1r/1pp1pppp/2n2n2/p2p1N2/8/2N5/PPPPPPPP/R1BQKB1R w KQkq d6 0 5",0
"r1bqkb1r/1pp1pppp/2n2n2/p2p1N2/4N3/8/PPPPPPPP/R1BQKB1R b KQkq - 1 5",0
"r2qkb1r/1pp1pppp/2n2n2/p2p1b2/4N3/8/PPPPPPPP/R1BQKB1R w KQkq - 0 6",0
"r2qkb1r/1pp1pppp/2n2N2/p2p1b2/8/8/PPPPPPPP/R1BQKB1R b KQkq - 0 6",0
"r2qkb1r/1pp2ppp/2n2p2/p2p1b2/8/8/PPPPPPPP/R1BQKB1R w KQkq - 0 7",0
"r2qkb1r/1pp2ppp/2n2p2/p2p1b2/3P4/8/PPP1PPPP/R1BQKB1R b KQkq d3 0 7",0
"r2qkb1r/1pp2ppp/5p2/p2p1b2/3n4/8/PPP1PPPP/R1BQKB1R w KQkq - 0 8",0
"r2qkb1r/1pp2ppp/5p2/p2p1b2/3Q4/8/PPP1PPPP/R1B1KB1R b KQkq - 0 8",0
"r2qkb1r/1pp2ppp/5p2/p2p4/3Q4/8/PPb1PPPP/R1B1KB1R w KQkq - 0 9",0
"r2qkb1r/1pp2ppp/5p2/p2Q4/8/8/PPb1PPPP/R1B1KB1R b KQkq - 0 9",0
"r2qkb1r/1p3ppp/2p2p2/p2Q4/8/8/PPb1PPPP/R1B1KB1R w KQkq - 0 10",0
"r2Qkb1r/1p3ppp/2p2p2/p7/8/8/PPb1PPPP/R1B1KB1R b KQkq - 0 10",0
"3rkb1r/1p3ppp/2p2p2/p7/8/8/PPb1PPPP/R1B1KB1R w KQk - 0 11",0
"3rkb1r/1p3ppp/2p2p2/p7/4P3/8/PPb2PPP/R1B1KB1R b KQk e3 0 11",0
"3rkb1r/1p3ppp/2p2p2/p7/4b3/8/PP3PPP/R1B1KB1R w KQk - 0 12",0
"3rkb1r/1p3ppp/2p2p2/p7/4b3/7P/PP3PP1/R1B1KB1R b KQk - 0 12",0
"4kb1r/1p3ppp/2p2p2/p2r4/4b3/7P/PP3PP1/R1B1KB1R w KQk - 1 13",0
"4kb1r/1p3ppp/2p2p2/p2r4/4bP2/7P/PP4P1/R1B1KB1R b KQk f3 0 13",0
"4k2r/1p3ppp/2p2p2/p1br4/4bP2/7P/PP4P1/R1B1KB1R w KQk - 1 14",0
"4k2r/1p3ppp/2p2p2/p1br4/4bP2/4B2P/PP4P1/R3KB1R b KQk - 2 14",0
"4k2r/1p3ppp/2p2p2/p2r4/4bP2/4b2P/PP4P1/R3KB1R w KQk - 0 15",0
"4k2r/1p3ppp/2p2p2/p2r1P2/4b3/4b2P/PP4P1/R3KB1R b KQk - 0 15",0
"4k2r/1p3ppp/2p2p2/p2r1P2/8/4b2P/PP4b1/R3KB1R w KQk - 0 16",0
"4k2r/1p3ppp/2p2p2/p2r1P2/8/4b2P/PP4B1/R3K2R b KQk - 0 16",0
"4k2r/1p3ppp/2p2p2/p4r2/8/4b2P/PP4B1/R3K2R w KQk - 0 17",0
"4k2r/1p3ppp/2B2p2/p4r2/8/4b2P/PP6/R3K2R b KQk - 0 17",0
"4k2r/5ppp/2p2p2/p4r2/8/4b2P/PP6/R3K2R w KQk - 0 18",0
"4k2r/5ppp/2p2p2/p4r2/8/4b2P/PP2K3/R6R b k - 1 18",0
"4k2r/5ppp/2p2p2/pr6/8/4b2P/PP2K3/R6R w k - 2 19",0
"4k2r/5ppp/2p2p2/pr6/8/4K2P/PP6/R6R b k - 0 19",0
"4k2r/5ppp/2p2p2/p7/8/4K2P/Pr6/R6R w k - 0 20",0
"4k2r/5ppp/2p2p2/p7/4K3/7P/Pr6/R6R b k - 1 20",0
"4k2r/5ppp/2p2p2/p7/4K3/7P/r7/R6R w k - 0 21",0
"4k2r/5ppp/2p2p2/p7/4K3/7P/R7/7R b k - 0 21",0
"4k2r/5ppp/2p2p2/8/p3K3/7P/R7/7R w k - 0 22",0
"4k2r/5ppp/2p2p2/8/R3K3/7P/8/7R b k - 0 22",0
"4k2r/5ppp/5p2/2p5/R3K3/7P/8/7R w k - 0 23",0
"4k2r/R4ppp/5p2/2p5/4K3/7P/8/7R b k - 1 23",0
"4k2r/R4ppp/5p2/8/2p1K3/7P/8/7R w k - 0 24",0
"4k2r/5Rpp/5p2/8/2p1K3/7P/8/7R b k - 0 24",0
"7r/5kpp/5p2/8/2p1K3/7P/8/7R w - - 0 25",0
"7r/5kpp/5p2/8/2p1K2P/8/8/7R b - - 0 25",0
"7r/5kpp/8/5p2/2p1K2P/8/8/7R w - - 0 26",0
"7r/5kpp/8/3K1p2/2p4P/8/8/7R b - - 1 26",0
"7r/5kpp/8/3K1p2/7P/2p5/8/7R w - - 0 27",0
"7r/5kpp/8/3K1p1P/8/2p5/8/7R b - - 0 27",0
"7r/5kpp/8/3K1p1P/8/8/2p5/7R w - - 0 28",0
"7r/5kpp/7P/3K1p2/8/8/2p5/7R b - - 0 28",0
"7r/5kpp/7P/3K1p2/8/8/8/2q4R w - - 0 29",0
"7r/5kpp/7P/3K1p2/8/8/8/2R5 b - - 0 29",0
"7r/5k1p/7p/3K1p2/8/8/8/2R5 w - - 0 30",0
"7r/2R2k1p/7p/3K1p2/8/8/8/8 b - - 1 30",0
"7r/2R4p/5k1p/3K1p2/8/8/8/8 w - - 2 31",0
"7r/7R/5k1p/3K1p2/8/8/8/8 b - - 0 31",0
"8/7r/5k1p/3K1p2/8/8/8/8 w - - 0 32",0
"8/7r/5k1p/5p2/3K4/8/8/8 b - - 1 32",0
"8/r7/5k1p/5p2/3K4/8/8/8 w - - 2 33",0
"8/r7/5k1p/3K1p2/8/8/8/8 b - - 3 33",0
"8/8/r4k1p/3K1p2/8/8/8/8 w - - 4 34",0
"8/8/r4k1p/5p2/3K4/8/8/8 b - - 5 34",0
"8/8/r4k1p/8/3K1p2/8/8/8 w - - 0 35",0
"8/8/r4k1p/3K4/5p2/8/8/8 b - - 1 35",0
"8/8/r4k1p/3K4/8/5p2/8/8 w - - 0 36",0
"8/8/r4k1p/8/3K4/5p2/8/8 b - - 1 36",0
"8/8/r4k1p/8/3K4/8/5p2/8 w - - 0 37",0
"8/8/r4k1p/3K4/8/8/5p2/8 b - - 1 37",0
"8/8/r4k1p/3K4/8/8/8/5q2 w - - 0 38",0
"8/8/r4k1p/8/4K3/8/8/5q2 b - - 1 38",0
"8/8/r4k2/7p/4K3/8/8/5q2 w - - 0 39",0
"8/8/r4k2/7p/3K4/8/8/5q2 b - - 1 39",0
"8/8/r4k2/8/3K3p/8/8/5q2 w - - 0 40",0
"8/8/r4k2/8/7p/4K3/8/5q2 b - - 1 40",0
"8/8/r4k2/8/8/4K2p/8/5q2 w - - 0 41",0
"8/8/r4k2/8/3K4/7p/8/5q2 b - - 1 41",0
"8/8/r4k2/8/3K4/8/7p/5q2 w - - 0 42",0
"8/8/r4k2/8/4K3/8/7p/5q2 b - - 1 42",0
"8/8/r4k2/8/4K3/8/8/5q1q w - - 0 43",0
"8/8/r4k2/8/8/4K3/8/5q1q b - - 1 43",0
"8/8/r7/4k3/8/4K3/8/5q1q w - - 2 44",0
"8/8/r7/4k3/8/8/3K4/5q1q b - - 3 44",0
"8/8/r7/4k3/8/5q2/3K4/5q2 w - - 4 45",0
"8/8/r7/4k3/8/5q2/2K5/5q2 b - - 5 45",0
"8/8/r7/4k3/8/3q1q2/2K5/8 w - - 6 46",0
"8/8/r7/4k3/8/3q1q2/1K6/8 b - - 7 46",0
"8/8/r7/8/3k4/3q1q2/1K6/8 w - - 8 47",0
"8/8/r7/8/3k4/3q1q2/8/2K5 b - - 9 47",0
"rnbqkbnr/pppppppp/8/8/8/8/PPPPPPPP/RNBQKBNR w KQkq - 0 1",0
"rnbqkbnr/pppppppp/8/8/8/2N5/PPPPPPPP/R1BQKBNR b KQkq - 1 1",0
"r1bqkbnr/pppppppp/2n5/8/8/2N5/PPPPPPPP/R1BQKBNR w KQkq - 2 2",0
"r1bqkbnr/pppppppp/2n5/8/8/2N2N2/PPPPPPPP/R1BQKB1R b KQkq - 3 2",0
"r1bqkb1r/pppppppp/2n2n2/8/8/2N2N2/PPPPPPPP/R1BQKB1R w KQkq - 4 3",0
"r1bqkb1r/pppppppp/2n2n2/8/3P4/2N2N2/PPP1PPPP/R1BQKB1R b KQkq d3 0 3",0
"r1bqkb1r/pppppppp/5n2/8/3n4/2N2N2/PPP1PPPP/R1BQKB1R w KQkq - 0 4",0
"r1bqkb1r/pppppppp/5n2/8/3Q4/2N2N2/PPP1PPPP/R1B1KB1R b KQkq - 0 4",0
"r1bqkb1r/pppp1ppp/5n2/4p3/3Q4/2N2N2/PPP1PPPP/R1B1KB1R w KQkq e6 0 5",0
"r1bqkb1r/pppp1ppp/5n2/4N3/3Q4/2N5/PPP1PPPP/R1B1KB1R b KQkq - 0 5",0
"r1bqkb1r/ppp2ppp/5n2/3pN3/3Q4/2N5/PPP1PPPP/R1B1KB1R w KQkq d6 0 6",0
"r1bqkb1r/ppp2ppp/5n2/3NN3/3Q4/8/PPP1PPPP/R1B1KB1R b KQkq - 0 6",0
"r1b1kb1r/ppp2ppp/5n2/3qN3/3Q4/8/PPP1PPPP/R1B1KB1R w KQkq - 0 7",0
"r1b1kb1r/ppp2ppp/5n2/3QN3/8/8/PPP1PPPP/R1B1KB1R b KQkq - 0 7",0
"r1b1kb1r/ppp2pp1/5n2/3QN2p/8/8/PPP1PPPP/R1B1KB1R w KQkq h6 0 8",0
"r1b1kb1r/pQp2pp1/5n2/4N2p/8/8/PPP1PPPP/R1B1KB1R b KQkq - 0 8",0
"r3kb1r/pbp2pp1/5n2/4N2p/8/8/PPP1PPPP/R1B1KB1R w KQkq - 0 9",0
"r3kb1r/pbp2Np1/5n2/7p/8/8/PPP1PPPP/R1B1KB1R b KQkq - 0 9",0
"r3kb1r/p1p2Np1/b4n2/7p/8/8/PPP1PPPP/R1B1KB1R w KQkq - 1 10",0
"r3kb1N/p1p3p1/b4n2/7p/8/8/PPP1PPPP/R1B1KB1R b KQq - 0 10",0
"r3kb1N/p1p3p1/5n2/7p/8/8/PPP1bPPP/R1B1KB1R w KQq - 0 11",0
"r3kb1N/p1p3p1/5n2/7p/8/8/PPP1KPPP/R1B2B1R b q - 0 11",0
"r3k2N/p1p3p1/5n2/2b4p/8/8/PPP1KPPP/R1B2B1R w q - 1 12",0
"r3k3/p1p3p1/5nN1/2b4p/8/8/PPP1KPPP/R1B2B1R b q - 2 12",0
"r3k3/p1p3p1/5nN1/7p/8/8/PPP1KbPP/R1B2B1R w q - 0 13",0
"r3k3/p1p3p1/5n2/4N2p/8/8/PPP1KbPP/R1B2B1R b q - 1 13",0
"r7/p1p1k1p1/5n2/4N2p/8/8/PPP1KbPP/R1B2B1R w - - 2 14",0
"r7/p1p1k1p1/5n2/4N2p/8/8/PPP2KPP/R1B2B1R b - - 0 14",0
"r7/p1p3p1/3k1n2/4N2p/8/8/PPP2KPP/R1B2B1R w - - 1 15",0
"r7/p1p3p1/3k1n2/4N2p/8/4K3/PPP3PP/R1B2B1R b - - 2 15",0
"r7/p1p3p1/5n2/4k2p/8/4K3/PPP3PP/R1B2B1R w - - 0 16",0
"r7/p1p3p1/5n2/4k2p/8/3BK3/PPP3PP/R1B4R b - - 1 16",0
"r7/p1p3p1/8/4k2p/4n3/3BK3/PPP3PP/R1B4R w - - 2 17",0
"r7/p1p3p1/8/4k2p/1P2n3/3BK3/P1P3PP/R1B4R b - b3 0 17",0
"r7/p1p3p1/8/4k3/1P2n2p/3BK3/P1P3PP/R1B4R w - - 0 18",0
"r7/p1p3p1/8/4k3/1P2B2p/4K3/P1P3PP/R1B4R b - - 0 18",0
"r7/p1p3p1/8/4k3/1P2B3/4K2p/P1P3PP/R1B4R w - - 0 19",0
"r7/p1p3p1/8/4k3/1P2B3/7p/P1PK2PP/R1B4R b - - 1 19",0
"r7/p1p3p1/8/8/1P2k3/7p/P1PK2PP/R1B4R w - - 0 20",0
"r7/p1p3p1/8/8/1P2k3/7P/P1PK3P/R1B4R b - - 0 20",0
"3r4/p1p3p1/8/8/1P2k3/7P/P1PK3P/R1B4R w - - 1 21",0
"3r4/p1p3p1/8/8/1P2k3/7P/P1P1K2P/R1B4R b - - 2 21",0
"3r4/p1p3p1/8/3k4/1P6/7P/P1P1K2P/R1B4R w - - 3 22",0
"3r4/p1p3p1/8/3k4/1P6/3K3P/P1P4P/R1B4R b - - 4 22",0
"1r6/p1p3p1/8/3k4/1P6/3K3P/P1P4P/R1B4R w - - 5 23",0
"1r6/p1p3p1/8/3k4/1P6/3KB2P/P1P4P/R6R b - - 6 23",0
"8/p1p3p1/8/3k4/1r6/3KB2P/P1P4P/R6R w - - 0 24",0
"8/B1p3p1/8/3k4/1r6/3K3P/P1P4P/R6R b - - 0 24",0
"8/B1p3p1/8/3k4/r7/3K3P/P1P4P/R6R w - - 1 25",0
"8/B1p3p1/8/3k4/r7/P2K3P/2P4P/R6R b - - 0 25",0
"8/r1p3p1/8/3k4/8/P2K3P/2P4P/R6R w - - 0 26",0
"8/r1p3p1/8/3k4/8/P2K3P/2P4P/R2R4 b - - 1 26",0
"8/r5p1/2p5/3k4/8/P2K3P/2P4P/R2R4 w - - 0 27",0
"8/r5p1/2p5/3k4/P7/3K3P/2P4P/R2R4 b - - 0 27",0
"8/6p1/2p5/3k4/r7/3K3P/2P4P/R2R4 w - - 0 28",0
"8/6p1/2p5/3k4/r7/3K3P/2P4P/R6R b - - 1 28",0
"8/6p1/2p5/3k4/8/3K3P/2P4P/r6R w - - 0 29",0
"8/6p1/2p5/3k4/8/2PK3P/7P/r6R b - - 0 29",0
"8/6p1/2p5/3k4/8/2PK3P/7P/7r w - - 0 30",0
"8/6p1/2p5/3k4/2P5/3K3P/7P/7r b - - 0 30",0
"8/6p1/2p5/4k3/2P5/3K3P/7P/7r w - - 1 31",0
"8/6p1/2p5/2P1k3/8/3K3P/7P/7r b - - 0 31",0
"8/6p1/2p5/2P2k2/8/3K3P/7P/7r w - - 1 32",0
"8/6p1/2p5/2P2k2/3K4/7P/7P/7r b - - 2 32",0
"8/6p1/2p5/2P2k2/3K4/7P/7r/8 w - - 0 33",0
"8/6p1/2p5/2P2k2/3K3P/8/7r/8 b - - 0 33",0
"8/6p1/2p5/2P2k2/3K3r/8/8/8 w - - 0 34",0
"8/6p1/2p5/2P2k2/7r/3K4/8/8 b - - 1 34",0
"8/8/2p5/2P2kp1/7r/3K4/8/8 w - g6 0 35",0
"8/8/2p5/2P2kp1/7r/4K3/8/8 b - - 1 35",0
"8/8/2p1k3/2P3p1/7r/4K3/8/8 w - - 2 36",0
"8/8/2p1k3/2P3p1/7r/3K4/8/8 b - - 3 36",0
"8/5k2/2p5/2P3p1/7r/3K4/8/8 w - - 4 37",0
"8/5k2/2p5/2P3p1/7r/4K3/8/8 b - - 5 37",0
"8/8/2p1k3/2P3p1/7r/4K3/8/8 w - - 6 38",0
"8/8/2p1k3/2P3p1/7r/3K4/8/8 b - - 7 38",0
"8/8/2p1k3/2P5/6pr/3K4/8/8 w - - 0 39",0
"8/8/2p1k3/2P5/3K2pr/8/8/8 b - - 1 39",0
"8/8/2p1k3/2P5/3K3r/6p1/8/8 w - - 0 40",0
"8/8/2p1k3/2P5/7r/3K2p1/8/8 b - - 1 40",0
"8/8/2p1k3/2P5/7r/3K4/6p1/8 w - - 0 41",0
"8/8/2p1k3/2P5/7r/4K3/6p1/8 b - - 1 41",0
"8/8/2p1k3/2P5/2r5/4K3/6p1/8 w - - 2 42",0
"8/8/2p1k3/2P5/2r5/5K2/6p1/8 b - - 3 42",0
"8/8/2p1k3/2P5/2r5/5K2/8/6q1 w - - 0 43",0
"8/8/2p1k3/2P5/2r5/8/4K3/6q1 b - - 1 43",0
"8/8/2p1k3/2P5/2r5/8/4K3/7q w - - 2 44",0
"8/8/2p1k3/2P5/2r5/3K4/8/7q b - - 3 44",0
"8/8/2p1k3/2r5/8/3K4/8/7q w - - 0 45",0
"8/8/2p1k3/2r5/3K4/8/8/7q b - - 1 45",0
"8/8/2p1k3/8/2rK4/8/8/7q w - - 2 46",0
"8/8/2p1k3/8/2K5/8/8/7q b - - 0 46",0
"8/8/2p1k3/8/2K5/5q2/8/8 w - - 1 47",0
"8/8/2p1k3/2K5/8/5q2/8/8 b - - 2 47",0
"8/8/2p5/2K1k3/8/5q2/8/8 w - - 3 48",0
"8/8/2p5/4k3/2K5/5q2/8/8 b - - 4 48",0
"8/8/2p2k2/8/2K5/5q2/8/8 w - - 5 49",0
"8/8/2p2k2/8/3K4/5q2/8/8 b - - 6 49",0
"8/8/2p1k3/8/3K4/5q2/8/8 w - - 7 50",0
"8/8/2p1k3/2K5/8/5q2/8/8 b - - 8 50",0
"8/8/2p5/2K2k2/8/5q2/8/8 w - - 9 51",0
"8/8/2p5/5k2/3K4/5q2/8/8 b - - 10 51",0
"8/8/2p5/5k2/3K4/4q3/8/8 w - - 11 52",0
"8/8/2p5/5k2/8/4K3/8/8 b - - 0 52",0
"8/8/8/2p2k2/8/4K3/8/8 w - - 0 53",0
"8/8/8/2p2k2/8/3K4/8/8 b - - 1 53",0
"8/8/8/2p1k3/8/3K4/8/8 w - - 2 54",0
"8/8/8/2p1k3/2K5/8/8/8 b - - 3 54",0
"8/8/8/2p5/2K1k3/8/8/8 w - - 4 55",0
"rnbqkbnr/pppppppp/8/8/8/8/PPPPPPPP/RNBQKBNR w KQkq - 0 1",0
"rnbqkbnr/pppppppp/8/8/8/2N5/PPPPPPPP/R1BQKBNR b KQkq - 1 1",0
"rnbqkbnr/p1pppppp/1p6/8/8/2N5/PPPPPPPP/R1BQKBNR w KQkq - 0 2",0
"rnbqkbnr/p1pppppp/1p6/8/8/2N2N2/PPPPPPPP/R1BQKB1R b KQkq - 1 2",0
"rnbqkbnr/p2ppppp/1p6/2p5/8/2N2N2/PPPPPPPP/R1BQKB1R w KQkq c6 0 3",0
"rnbqkbnr/p2ppppp/1p6/2p5/3P4/2N2N2/PPP1PPPP/R1BQKB1R b KQkq d3 0 3",0
"rnbqkbnr/p2pppp1/1p6/2p4p/3P4/2N2N2/PPP1PPPP/R1BQKB1R w KQkq h6 0 4",0
"rnbqkbnr/p2pppp1/1p6/2P4p/8/2N2N2/PPP1PPPP/R1BQKB1R b KQkq - 0 4",0
"rnbqkbnr/p2pppp1/8/2p4p/8/2N2N2/PPP1PPPP/R1BQKB1R w KQkq - 0 5",0
"rnbqkbnr/p2Qppp1/8/2p4p/8/2N2N2/PPP1PPPP/R1B1KB1R b KQkq - 0 5",0
"r1bqkbnr/p2nppp1/8/2p4p/8/2N2N2/PPP1PPPP/R1B1KB1R w KQkq - 0 6",0
"r1bqkbnr/p2nppp1/8/2p4p/N7/5N2/PPP1PPPP/R1B1KB1R b KQkq - 1 6",0
"r1bqkbnr/p2n1pp1/4p3/2p4p/N7/5N2/PPP1PPPP/R1B1KB1R w KQkq - 0 7",0
"r1bqkbnr/p2n1pp1/4p3/2p4p/N7/5N1P/PPP1PPP1/R1B1KB1R b KQkq - 0 7",0
"r1b1kbnr/p2n1pp1/4pq2/2p4p/N7/5N1P/PPP1PPP1/R1B1KB1R w KQkq - 1 8",0
"r1b1kbnr/p2n1pp1/4pq2/2N4p/8/5N1P/PPP1PPP1/R1B1KB1R b KQkq - 0 8",0
"r1b1k1nr/p2n1pp1/4pq2/2b4p/8/5N1P/PPP1PPP1/R1B1KB1R w KQkq - 0 9",0
"r1b1k1nr/p2n1pp1/4pq2/2b4p/4P3/5N1P/PPP2PP1/R1B1KB1R b KQkq e3 0 9",0
"r1b1k1nr/p2n1pp1/4p3/2b4p/4P3/5q1P/PPP2PP1/R1B1KB1R w KQkq - 0 10",0
"r1b1k1nr/p2n1pp1/4p3/2b4p/4P3/5P1P/PPP2P2/R1B1KB1R b KQkq - 0 10",0
"r1b1k1nr/p2n1pp1/4p3/7p/4P3/5P1P/PPP2b2/R1B1KB1R w KQkq - 0 11",0
"r1b1k1nr/p2n1pp1/4p3/7p/4P3/5P1P/PPP2K2/R1B2B1R b kq - 0 11",0
"r1b1k2r/p2n1pp1/4pn2/7p/4P3/5P1P/PPP2K2/R1B2B1R w kq - 1 12",0
"r1b1k2r/p2n1pp1/4pn2/7p/4P3/5P1P/PPPB1K2/R4B1R b kq - 2 12",0
"r1b1kr2/p2n1pp1/4pn2/7p/4P3/5P1P/PPPB1K2/R4B1R w q - 3 13",0
"r1b1kr2/p2n1pp1/4pn2/7p/4P3/3B1P1P/PPPB1K2/R6R b q - 4 13",0
"r1b1kr2/p2n1pp1/4p3/7p/4n3/3B1P1P/PPPB1K2/R6R w q - 0 14",0
"r1b1kr2/p2n1pp1/4p3/7p/4B3/5P1P/PPPB1K2/R6R b q - 0 14",0
"r3kr2/pb1n1pp1/4p3/7p/4B3/5P1P/PPPB1K2/R6R w q - 1 15",0
"r3kr2/pB1n1pp1/4p3/7p/8/5P1P/PPPB1K2/R6R b q - 0 15",0
"r4r2/pB1nkpp1/4p3/7p/8/5P1P/PPPB1K2/R6R w - - 1 16",0
"B4r2/p2nkpp1/4p3/7p/8/5P1P/PPPB1K2/R6R b - - 0 16",0
"B4r2/3nkpp1/p3p3/7p/8/5P1P/PPPB1K2/R6R w - - 0 17",0
"5r2/3nkpp1/p3p3/7p/4B3/5P1P/PPPB1K2/R6R b - - 1 17",0
"6r1/3nkpp1/p3p3/7p/4B3/5P1P/PPPB1K2/R6R w - - 2 18",0
"6r1/3nkpp1/p3p3/7p/4B3/4KP1P/PPPB4/R6R b - - 3 18",0
"6r1/4kpp1/p3p3/4n2p/4B3/4KP1P/PPPB4/R6R w - - 4 19",0
"6r1/4kpp1/p3p3/4n2p/2P1B3/4KP1P/PP1B4/R6R b - c3 0 19",0
"5kr1/5pp1/p3p3/4n2p/2P1B3/4KP1P/PP1B4/R6R w - - 1 20",0
"5kr1/5pp1/p3p3/4n2p/2P1B3/4KP1P/PP1B4/3R3R b - - 2 20",0
"5kr1/5pp1/p3p1n1/7p/2P1B3/4KP1P/PP1B4/3R3R w - - 3 21",0
"5kr1/5pp1/p3p1B1/7p/2P5/4KP1P/PP1B4/3R3R b - - 0 21",0
"6r1/4kpp1/p3p1B1/7p/2P5/4KP1P/PP1B4/3R3R w - - 1 22",0
"6r1/4kBp1/p3p3/7p/2P5/4KP1P/PP1B4/3R3R b - - 0 22",0
"6r1/4kB2/p3p1p1/7p/2P5/4KP1P/PP1B4/3R3R w - - 0 23",0
"6B1/4k3/p3p1p1/7p/2P5/4KP1P/PP1B4/3R3R b - - 0 23",0
"6B1/4k3/p5p1/4p2p/2P5/4KP1P/PP1B4/3R3R w - - 0 24",0
"6B1/4k3/p5p1/2P1p2p/8/4KP1P/PP1B4/3R3R b - - 0 24",0
"5kB1/8/p5p1/2P1p2p/8/4KP1P/PP1B4/3R3R w - - 1 25",0
"5kB1/8/p5p1/2P1p2p/8/1P2KP1P/P2B4/3R3R b - - 0 25",0
"6k1/8/p5p1/2P1p2p/8/1P2KP1P/P2B4/3R3R w - - 0 26",0
"6k1/8/p1P3p1/4p2p/8/1P2KP1P/P2B4/3R3R b - - 0 26",0
"8/6k1/p1P3p1/4p2p/8/1P2KP1P/P2B4/3R3R w - - 1 27",0
"8/2P3k1/p5p1/4p2p/8/1P2KP1P/P2B4/3R3R b - - 0 27",0
"8/2P5/p5pk/4p2p/8/1P2KP1P/P2B4/3R3R w - - 1 28",0
"2Q5/8/p5pk/4p2p/8/1P2KP1P/P2B4/3R3R b - - 0 28",0
"2Q5/8/p6k/4p1pp/8/1P2KP1P/P2B4/3R3R w - - 0 29",0
"8/8/Q6k/4p1pp/8/1P2KP1P/P2B4/3R3R b - - 0 29",0
"8/7k/Q7/4p1pp/8/1P2KP1P/P2B4/3R3R w - - 1 30",0
"8/7k/Q7/4p1pp/1P6/4KP1P/P2B4/3R3R b - - 0 30",0
"7k/8/Q7/4p1pp/1P6/4KP1P/P2B4/3R3R w - - 1 31",0
"7k/8/Q7/1P2p1pp/8/4KP1P/P2B4/3R3R b - - 0 31",0
"8/7k/Q7/1P2p1pp/8/4KP1P/P2B4/3R3R w - - 1 32",0
"8/7k/QP6/4p1pp/8/4KP1P/P2B4/3R3R b - - 0 32",0
"8/8/QP5k/4p1pp/8/4KP1P/P2B4/3R3R w - - 1 33",0
"8/8/QP5k/4p1pp/P7/4KP1P/3B4/3R3R b - a3 0 33",0
"8/8/QP5k/6pp/P3p3/4KP1P/3B4/3R3R w - - 0 34",0
"8/8/QP5k/6pp/P3P3/4K2P/3B4/3R3R b - - 0 34",0
"8/8/QP5k/7p/P3P1p1/4K2P/3B4/3R3R w - - 0 35",0
"8/8/QP5k/7p/P3P1P1/4K3/3B4/3R3R b - - 0 35",0
"8/8/QP4k1/7p/P3P1P1/4K3/3B4/3R3R w - - 1 36",0
"8/8/QP4k1/7P/P3P3/4K3/3B4/3R3R b - - 0 36",0
"8/7k/QP6/7P/P3P3/4K3/3B4/3R3R w - - 1 37",0
"8/1P5k/Q7/7P/P3P3/4K3/3B4/3R3R b - - 0 37",0
"8/1P4k1/Q7/7P/P3P3/4K3/3B4/3R3R w - - 1 38",0
"1Q6/6k1/Q7/7P/P3P3/4K3/3B4/3R3R b - - 0 38",0
"1Q6/7k/Q7/7P/P3P3/4K3/3B4/3R3R w - - 1 39",0
"rnbqkbnr/pppppppp/8/8/8/8/PPPPPPPP/RNBQKBNR w KQkq - 0 1",0
"rnbqkbnr/pppppppp/8/8/8/2N5/PPPPPPPP/R1BQKBNR b KQkq - 1 1",0
"r1bqkbnr/pppppppp/2n5/8/8/2N5/PPPPPPPP/R1BQKBNR w KQkq - 2 2",0
"r1bqkbnr/pppppppp/2n5/8/8/2N2N2/PPPPPPPP/R1BQKB1R b KQkq - 3 2",0
"r1bqkb1r/pppppppp/2n2n2/8/8/2N2N2/PPPPPPPP/R1BQKB1R w KQkq - 4 3",0
"r1bqkb1r/pppppppp/2n2n2/8/3P4/2N2N2/PPP1PPPP/R1BQKB1R b KQkq d3 0 3",0
"r1bqkb1r/pppppppp/5n2/8/3n4/2N2N2/PPP1PPPP/R1BQKB1R w KQkq - 0 4",0
"r1bqkb1r/pppppppp/5n1B/8/3n4/2N2N2/PPP1PPPP/R2QKB1R b KQkq - 1 4",0
"r1bqkb1r/pppppppp/5n1B/8/8/2N2n2/PPP1PPPP/R2QKB1R w KQkq - 0 5",0
"r1bqkb1r/pppppppp/5n1B/8/8/2N2P2/PPP1PP1P/R2QKB1R b KQkq - 0 5",0
"r1bqkb1r/pppppp1p/5n1p/8/8/2N2P2/PPP1PP1P/R2QKB1R w KQkq - 0 6",0
"r1bqkb1r/pppQpp1p/5n1p/8/8/2N2P2/PPP1PP1P/R3KB1R b KQkq - 0 6",0
"r2qkb1r/pppbpp1p/5n1p/8/8/2N2P2/PPP1PP1P/R3KB1R w KQkq - 0 7",0
"r2qkb1r/pppbpp1p/5n1p/8/4P3/2N2P2/PPP2P1P/R3KB1R b KQkq e3 0 7",0
"r2qkb1r/pppbpp1p/7p/8/4n3/2N2P2/PPP2P1P/R3KB1R w KQkq - 0 8",0
"r2qkb1r/pppbpp1p/B6p/8/4n3/2N2P2/PPP2P1P/R3K2R b KQkq - 1 8",0
"r2qkb1r/pppbpp1p/B6p/8/8/2n2P2/PPP2P1P/R3K2R w KQkq - 0 9",0
"r2qkb1r/pBpbpp1p/7p/8/8/2n2P2/PPP2P1P/R3K2R b KQkq - 0 9",0
"r2qkb1r/pBp1pp1p/7p/8/b7/2n2P2/PPP2P1P/R3K2R w KQkq - 1 10",0
"B2qkb1r/p1p1pp1p/7p/8/b7/2n2P2/PPP2P1P/R3K2R b KQk - 0 10",0
"q3kb1r/p1p1pp1p/7p/8/b7/2n2P2/PPP2P1P/R3K2R w KQk - 0 11",0
"q3kb1r/p1p1pp1p/7p/8/b7/2P2P2/P1P2P1P/R3K2R b KQk - 0 11",0
"4kb1r/p1p1pp1p/7p/8/b7/2P2q2/P1P2P1P/R3K2R w KQk - 0 12",0
"4kb1r/p1p1pp1p/7p/8/b1P5/5q2/P1P2P1P/R3K2R b KQk - 0 12",0
"4kb1r/p1p1pp1p/7p/8/b1P5/8/P1P2P1P/R3K2q w Qk - 0 13",0
"4kb1r/p1p1pp1p/7p/8/b1P5/8/P1P1KP1P/R6q b k - 1 13",0
"4kb1r/p1p1pp1p/7p/8/b1P5/8/P1P1KP1P/q7 w k - 0 14",0
"4kb1r/p1p1pp1p/7p/2P5/b7/8/P1P1KP1P/q7 b k - 0 14",0
"4kb1r/p1p1pp1p/7p/2P5/b7/8/q1P1KP1P/8 w k - 0 15",0
"4kb1r/p1p1pp1p/2P4p/8/b7/8/q1P1KP1P/8 b k - 0 15",0
"4kb1r/p1p1pp1p/2b4p/8/8/8/q1P1KP1P/8 w k - 0 16",0
"4kb1r/p1p1pp1p/2b4p/8/8/7P/q1P1KP2/8 b k - 0 16",0
"4kb1r/p1p1pp1p/2b4p/8/8/7P/2q1KP2/8 w k - 0 17",0
"4kb1r/p1p1pp1p/2b4p/8/8/4K2P/2q2P2/8 b k - 1 17",0
"4kb1r/p1p1pp1p/2b4p/8/8/4K2P/5q2/8 w k - 0 18",0
"4kb1r/p1p1pp1p/2b4p/8/8/7P/5K2/8 b k - 0 18",0
"5b1r/p1pkpp1p/2b4p/8/8/7P/5K2/8 w - - 1 19",0
"5b1r/p1pkpp1p/2b4p/8/8/4K2P/8/8 b - - 2 19",0
"5b1r/p1p1pp1p/2b1k2p/8/8/4K2P/8/8 w - - 3 20",0
"5b1r/p1p1pp1p/2b1k2p/8/3K4/7P/8/8 b - - 4 20",0
"5b1r/2p1pp1p/2b1k2p/p7/3K4/7P/8/8 w - a6 0 21",0
"5b1r/2p1pp1p/2b1k2p/p7/3K3P/8/8/8 b - - 0 21",0
"5b1r/2p1pp1p/2b1k2p/8/p2K3P/8/8/8 w - - 0 22",0
"5b1r/2p1pp1p/2b1k2p/7P/p2K4/8/8/8 b - - 0 22",0
"5b1r/2p1pp1p/2b1k2p/7P/3K4/p7/8/8 w - - 0 23",0
"5b1r/2p1pp1p/2b1k2p/7P/8/p2K4/8/8 b - - 1 23",0
"5b1r/2p1pp1p/2b1k2p/7P/8/3K4/p7/8 w - - 0 24",0
"5b1r/2p1pp1p/2b1k2p/7P/8/4K3/p7/8 b - - 1 24",0
"5b1r/2p1pp1p/2b1k2p/7P/8/4K3/8/q7 w - - 0 25",0
"5b1r/2p1pp1p/2b1k2p/7P/8/8/4K3/q7 b - - 1 25",0
"5b1r/2p1pp1p/2b2k1p/7P/8/8/4K3/q7 w - - 2 26",0
"5b1r/2p1pp1p/2b2k1p/7P/8/4K3/8/q7 b - - 3 26",0
"5b1r/2p1pp1p/2b4p/4k2P/8/4K3/8/q7 w - - 4 27",0
"5b1r/2p1pp1p/2b4p/4k2P/8/8/4K3/q7 b - - 5 27",0
"5b1r/2p1pp1p/2b4p/4k2P/8/2q5/4K3/8 w - - 6 28",0
"5b1r/2p1pp1p/2b4p/4k2P/8/2q5/8/3K4 b - - 7 28",0
"5b1r/2p1p2p/2b4p/4kp1P/8/2q5/8/3K4 w - f6 0 29",0
"5b1r/2p1p2p/2b4p/4kp1P/8/2q5/4K3/8 b - - 1 29",0
"5b1r/2p1p2p/2b4p/4k2P/5p2/2q5/4K3/8 w - - 0 30",0
"5b1r/2p1p2p/2b4p/4k2P/5p2/2q5/5K2/8 b - - 1 30",0
"5b1r/2p1p2p/2b4p/4k2P/8/2q2p2/5K2/8 w - - 0 31",0
"5b1r/2p1p2p/2b4p/4k2P/8/2q2p2/8/6K1 b - - 1 31",0
"5b1r/2p1p2p/2b4p/4k2P/8/2q5/5p2/6K1 w - - 0 32",0
"5b1r/2p1p2p/2b4p/4k2P/8/2q5/5K2/8 b - - 0 32",0
"7r/2p1p1bp/2b4p/4k2P/8/2q5/5K2/8 w - - 1 33",0
"7r/2p1p1bp/2b4p/4k2P/8/2q5/8/5K2 b - - 2 33",0
"7r/2p1p1bp/7p/3bk2P/8/2q5/8/5K2 w - - 3 34",0
"7r/2p1p1bp/7p/3bk2P/8/2q5/4K3/8 b - - 4 34",0
"7r/4p1bp/7p/2pbk2P/8/2q5/4K3/8 w - c6 0 35",0
"7r/4p1bp/7p/2pbk2P/8/2q5/8/3K4 b - - 1 35",0
"7r/4p1bp/7p/2pb3P/4k3/2q5/8/3K4 w - - 2 36",0
"7r/4p1bp/7p/2pb3P/4k3/2q5/4K3/8 b - - 3 36",0
"7r/4p1bp/7p/3b3P/2p1k3/2q5/4K3/8 w - - 0 37",0
"7r/4p1bp/7p/3b3P/2p1k3/2q5/8/3K4 b - - 1 37",0
"7r/6bp/7p/3bp2P/2p1k3/2q5/8/3K4 w - e6 0 38",0
"7r/6bp/7p/3bp2P/2p1k3/2q5/4K3/8 b - - 1 38",0
"3r4/6bp/7p/3bp2P/2p1k3/2q5/4K3/8 w - - 2 39",0
"3r4/6bp/7p/3bp2P/2p1k3/2q5/8/3K4 b - - 3 39",0
"3r4/7p/5b1p/3bp2P/2p1k3/2q5/8/3K4 w - - 4 40",0
"3r4/7p/5b1p/3bp2P/2p1k3/2q5/4K3/8 b - - 5 40",0
"3r4/7p/5b1p/3bp2P/2p1k3/3q4/4K3/8 w - - 6 41",0
"3r4/7p/5b1p/3bp2P/2p1k3/3q4/8/4K3 b - - 7 41",0
"3r4/7p/5b1p/3bp2P/4k3/2pq4/8/4K3 w - - 0 42",0
"3r4/7p/5b1p/3bp2P/4k3/2pq4/5K2/8 b - - 1 42",0
"3r4/7p/5b1p/3bp2P/4k3/3q4/2p2K2/8 w - - 0 43",0
"3r4/7p/5b1p/3bp2P/4k3/3q4/2p5/4K3 b - - 1 43",0
"3r4/7p/5b1p/3bp2P/4k3/3q4/8/2q1K3 w - - 0 44",0
"3r4/7p/5b1p/3bp2P/4k3/3q4/5K2/2q5 b - - 1 44",0
"3r4/7p/5b1p/3bp2P/4k3/2qq4/5K2/8 w - - 2 45",0
"3r4/7p/5b1p/3bp2P/4k3/2qq4/6K1/8 b - - 3 45",0
"3r4/7p/4bb1p/4p2P/4k3/2qq4/6K1/8 w - - 4 46",0
"3r4/7p/4bb1p/4p2P/4k3/2qq4/5K2/8 b - - 5 46",0
"3r4/7p/4bb1p/4p2P/2q1k3/3q4/5K2/8 w - - 6 47",0
"3r4/7p/4bb1p/4p2P/2q1k3/3q4/8/4K3 b - - 7 47",0
"3r4/7p/4bb1p/4p2P/2q1k3/2q5/8/4K3 w - - 8 48",0
"3r4/7p/4bb1p/4p2P/2q1k3/2q5/5K2/8 b - - 9 48",0
"8/7p/4bb1p/4p2P/2q1k3/2q5/3r1K2/8 w - - 10 49",0
"8/7p/4bb1p/4p2P/2q1k3/2q5/3r4/4K3 b - - 11 49",0
"8/7p/4bb1p/4p2P/2q1k3/2q5/1r6/4K3 w - - 12 50",0
"8/7p/4bb1p/4p2P/2q1k3/2q5/1r6/3K4 b - - 13 50",0
